City_ID,City,Country,Date,Lat,Lng,Max Temp,Humidity,Cloudiness,Wind Speed,Current Description,Rain inches (last 3 hrs),Snow inches (last 3 hrs)
0,Rikitea,PF,2020-01-04 20:04:54,-23.12,-134.97,77.2,77,67,16.6,broken clouds,0.0,0.0
1,Haines Junction,CA,2020-01-04 20:03:47,60.75,-137.51,-8.25,97,100,3.31,overcast clouds,0.0,0.0
2,Pedasi,PA,2020-01-04 20:04:54,7.53,-80.03,83.05,71,63,6.22,broken clouds,0.0,0.0
3,Dikson,RU,2020-01-04 20:04:55,73.51,80.55,0.25,82,100,22.15,overcast clouds,0.0,0.0
4,Bemmel,NL,2020-01-04 20:08:47,51.89,5.9,45.0,100,75,6.93,heavy intensity drizzle,0.0,0.0
5,Mahibadhoo,MV,2020-01-04 20:08:48,3.78,72.97,81.75,77,58,8.16,moderate rain,3.69,0.0
6,Arraial Do Cabo,BR,2020-01-04 20:08:48,-22.97,-42.02,77.0,94,75,4.7,light rain,0.0,0.0
7,Thompson,CA,2020-01-04 20:08:49,55.74,-97.86,1.4,77,90,5.82,light snow,0.0,0.0
8,Maningrida,AU,2020-01-04 20:08:49,-12.05,134.23,80.26,83,100,2.75,moderate rain,3.5,0.0
9,Umm Kaddadah,SD,2020-01-04 20:08:49,13.6,26.69,60.87,20,0,13.58,clear sky,0.0,0.0
10,Port-Gentil,GA,2020-01-04 20:08:49,-0.72,8.78,78.8,94,90,6.93,thunderstorm with light rain,0.0,0.0
11,Pimentel,BR,2020-01-04 20:04:57,-3.7,-45.5,74.52,97,100,3.2,light rain,3.0,0.0
12,Nha Trang,VN,2020-01-04 20:04:58,12.24,109.19,77.0,69,40,8.05,scattered clouds,0.0,0.0
13,Dongzhen,CN,2020-01-04 20:04:58,43.33,129.73,2.91,88,0,1.79,clear sky,0.0,0.0
14,Georgetown,GY,2020-01-04 20:01:17,6.8,-58.16,86.0,66,20,9.17,few clouds,0.0,0.0
15,Isangel,VU,2020-01-04 20:04:58,-19.55,169.27,76.89,78,5,14.47,light rain,0.19,0.0
16,Esperance,AU,2020-01-04 20:04:13,-33.86,121.89,55.4,71,0,10.29,clear sky,0.0,0.0
17,San Vicente De Canete,PE,2020-01-04 20:04:59,-13.08,-76.38,72.41,84,84,9.15,broken clouds,0.0,0.0
18,Norman Wells,CA,2020-01-04 20:04:59,65.28,-126.83,-18.4,68,90,6.93,light snow,0.0,0.0
19,Salalah,OM,2020-01-04 20:03:33,17.01,54.1,77.0,73,20,10.29,few clouds,0.0,0.0
20,Chokurdakh,RU,2020-01-04 20:04:59,70.62,147.9,-14.71,98,73,0.81,broken clouds,0.0,0.0
21,Mar Del Plata,AR,2020-01-04 20:05:00,-46.43,-67.52,64.15,42,17,13.82,few clouds,0.0,0.0
22,Fare,PF,2020-01-04 20:05:00,-16.7,-151.02,81.61,76,100,11.63,overcast clouds,0.0,0.0
23,Cape Town,ZA,2020-01-04 20:05:00,-33.93,18.42,69.01,72,29,8.05,scattered clouds,0.0,0.0
24,Riverton,US,2020-01-04 20:05:00,43.02,-108.38,33.01,68,1,4.7,clear sky,0.0,0.0
25,Atuona,PF,2020-01-04 20:05:01,-9.8,-139.03,81.55,68,5,9.24,clear sky,0.0,0.0
26,Ushuaia,AR,2020-01-04 20:05:01,-54.81,-68.31,57.2,41,40,5.82,scattered clouds,0.0,0.0
27,Puerto Ayora,EC,2020-01-04 20:05:01,-0.74,-90.35,86.0,58,20,13.87,few clouds,0.0,0.0
28,Port Elizabeth,US,2020-01-04 20:03:34,39.31,-74.98,57.99,93,90,6.93,overcast clouds,0.0,0.0
29,Honningsvag,NO,2020-01-04 20:05:01,70.98,25.97,28.02,74,100,29.89,light snow,0.0,0.38
30,Albany,US,2020-01-04 20:03:17,42.65,-73.75,42.8,86,90,6.93,light intensity drizzle,0.0,0.0
31,Upington,ZA,2020-01-04 20:05:02,-28.46,21.24,93.2,13,10,9.17,clear sky,0.0,0.0
32,Alice Springs,AU,2020-01-04 20:04:57,-23.7,133.88,68.0,77,90,10.29,overcast clouds,0.0,0.0
33,Chake Chake,TZ,2020-01-04 20:05:02,-5.25,39.77,82.47,78,73,10.71,broken clouds,0.0,0.0
34,Port Alfred,ZA,2020-01-04 20:05:03,-33.59,26.89,71.01,98,100,1.95,overcast clouds,0.0,0.0
35,Strezhevoy,RU,2020-01-04 20:05:03,60.73,77.6,23.0,92,90,15.66,overcast clouds,0.0,0.0
36,Vestmannaeyjar,IS,2020-01-04 20:05:03,63.44,-20.27,43.84,76,91,27.92,light rain,0.5,0.0
37,Half Moon Bay,US,2020-01-04 20:05:03,37.46,-122.43,61.0,87,75,8.05,broken clouds,0.0,0.0
38,Butaritari,KI,2020-01-04 20:03:19,3.07,172.79,84.61,78,38,15.12,scattered clouds,0.0,0.0
39,Kapaa,US,2020-01-04 20:03:19,22.08,-159.32,75.2,88,90,19.46,light rain,0.0,0.0
40,Jamestown,AU,2020-01-04 20:05:05,-33.21,138.6,55.47,52,99,15.46,overcast clouds,0.0,0.0
41,Maragogi,BR,2020-01-04 20:02:56,-9.01,-35.22,80.29,76,100,14.43,overcast clouds,0.0,0.0
42,Anagni,IT,2020-01-04 20:05:05,41.74,13.15,51.01,87,40,2.24,scattered clouds,0.0,0.0
43,Bluff,AU,2020-01-04 20:05:05,-23.58,149.07,72.23,72,59,8.48,broken clouds,0.0,0.0
44,Salinopolis,BR,2020-01-04 20:05:05,-0.61,-47.36,82.85,73,100,8.21,overcast clouds,0.0,0.0
45,Rovaniemi,FI,2020-01-04 20:05:06,66.5,25.72,21.2,67,26,12.75,scattered clouds,0.0,0.0
46,Varniai,LT,2020-01-04 20:05:06,55.74,22.37,35.6,74,90,11.41,overcast clouds,0.0,0.0
47,Birin,NP,2020-01-04 20:05:06,26.89,88.07,36.18,90,18,3.49,few clouds,0.0,0.0
48,Bambous Virieux,MU,2020-01-04 20:05:06,-20.34,57.76,79.0,94,40,13.6,scattered clouds,0.0,0.0
49,Sept-Iles,CA,2020-01-04 20:02:35,50.2,-66.38,28.4,68,75,8.05,broken clouds,0.0,0.0
50,Eyl,SO,2020-01-04 20:05:07,7.98,49.82,78.22,81,0,17.49,clear sky,0.0,0.0
51,Flin Flon,CA,2020-01-04 20:05:07,54.77,-101.88,12.2,85,90,8.05,light snow,0.0,0.0
52,Leningradskiy,RU,2020-01-04 20:05:07,69.38,178.42,-9.0,62,34,1.07,scattered clouds,0.0,0.0
53,Kindu,CD,2020-01-04 20:05:07,-2.95,25.92,70.9,96,100,1.92,light rain,1.63,0.0
54,Slave Lake,CA,2020-01-04 20:05:08,55.28,-114.77,17.6,85,90,3.36,overcast clouds,0.0,0.0
55,Pisco,PE,2020-01-04 20:05:08,-13.71,-76.2,75.0,30,89,14.99,overcast clouds,0.0,0.0
56,Busselton,AU,2020-01-04 20:05:08,-33.64,115.35,57.99,40,0,10.63,clear sky,0.0,0.0
57,Sarandi,BR,2020-01-04 20:05:08,-27.94,-52.92,78.8,61,75,16.11,broken clouds,0.0,0.0
58,Tasiilaq,GL,2020-01-04 20:03:20,65.61,-37.64,26.6,86,100,11.41,light snow,0.0,0.0
59,Yellowknife,CA,2020-01-04 20:05:09,62.45,-114.38,5.0,84,90,14.99,light snow,0.0,0.0
60,Awbari,LY,2020-01-04 20:05:09,26.59,12.77,45.14,60,0,2.86,clear sky,0.0,0.0
61,Hasaki,JP,2020-01-04 20:01:48,35.73,140.83,32.0,58,20,4.7,fog,0.0,0.0
62,Myitkyina,MM,2020-01-04 20:05:10,25.38,97.4,56.37,98,86,3.02,light rain,1.19,0.0
63,Sumisip,PH,2020-01-04 20:05:10,12.51,124.37,76.06,89,33,15.26,light rain,1.44,0.0
64,Yulara,AU,2020-01-04 20:01:07,-25.24,130.99,62.6,100,90,6.93,overcast clouds,0.0,0.0
65,San Quintin,PH,2020-01-04 20:05:10,17.54,120.52,68.83,79,65,4.88,broken clouds,0.0,0.0
66,Qaanaaq,GL,2020-01-04 20:05:10,77.48,-69.36,-40.9,61,0,5.1,clear sky,0.0,0.0
67,Kaitangata,NZ,2020-01-04 20:05:11,-46.28,169.85,49.23,86,100,7.96,light rain,2.5,0.0
68,Plouzane,FR,2020-01-04 20:05:11,48.38,-4.62,46.4,75,90,1.12,overcast clouds,0.0,0.0
69,Punta Arenas,CL,2020-01-04 20:05:11,-53.16,-70.91,59.0,44,40,14.99,scattered clouds,0.0,0.0
70,Borazjan,IR,2020-01-04 20:05:11,29.27,51.21,68.0,82,90,4.7,overcast clouds,0.0,0.0
71,Goderich,CA,2020-01-04 20:00:21,43.74,-81.71,34.0,85,94,12.33,light snow,0.0,0.13
72,Ancud,CL,2020-01-04 20:05:12,-41.87,-73.83,64.4,55,0,10.29,clear sky,0.0,0.0
73,Victoria,BN,2020-01-04 20:01:16,5.28,115.24,82.4,78,75,8.05,broken clouds,0.0,0.0
74,Dongsheng,CN,2020-01-04 20:05:13,29.72,112.52,45.39,82,100,3.74,overcast clouds,0.0,0.0
75,Hilo,US,2020-01-04 20:05:13,19.71,-155.08,75.2,73,40,3.36,scattered clouds,0.0,0.0
76,Whyalla,AU,2020-01-04 20:05:13,-33.04,137.58,58.14,80,100,21.72,light rain,1.63,0.0
77,Aklavik,CA,2020-01-04 20:05:13,68.22,-135.01,-22.0,74,40,6.93,scattered clouds,0.0,0.0
78,Lacombe,CA,2020-01-04 20:01:50,52.47,-113.73,33.01,77,75,9.17,broken clouds,0.0,0.0
79,East London,ZA,2020-01-04 20:05:14,-33.02,27.91,76.12,93,48,11.74,scattered clouds,0.0,0.0
80,Watsa,CD,2020-01-04 20:05:14,3.04,29.53,70.07,65,97,1.28,overcast clouds,0.0,0.0
81,Puerto Escondido,MX,2020-01-04 20:05:14,15.86,-97.07,83.86,53,88,4.7,overcast clouds,0.0,0.0
82,Vaini,IN,2020-01-04 20:03:25,15.34,74.49,59.25,75,0,1.34,clear sky,0.0,0.0
83,Lamu,CN,2020-01-04 20:05:15,35.77,102.37,19.49,91,90,4.76,overcast clouds,0.0,0.0
84,San Luis,AR,2020-01-04 20:03:07,-33.3,-66.34,97.84,22,51,9.44,broken clouds,0.0,0.0
85,Bredasdorp,ZA,2020-01-04 20:05:15,-34.53,20.04,68.0,64,25,8.05,scattered clouds,0.0,0.0
86,New Norfolk,AU,2020-01-04 20:05:16,-42.78,147.06,54.0,53,75,4.32,broken clouds,0.0,0.0
87,Beidao,CN,2020-01-04 20:05:16,34.57,105.89,30.16,93,96,3.83,light snow,0.0,0.19
88,Hobart,AU,2020-01-04 20:02:33,-42.88,147.33,54.0,53,75,6.62,broken clouds,0.0,0.0
89,Severo-Kurilsk,RU,2020-01-04 20:03:23,50.68,156.12,14.34,73,100,3.11,overcast clouds,0.0,0.0
90,Jamtara,IN,2020-01-04 20:05:17,23.95,86.82,62.6,93,75,6.73,mist,0.0,0.0
91,Palmer,AU,2020-01-04 20:05:17,-34.85,139.16,55.99,87,90,8.05,light rain,0.0,0.0
92,Hernani,ES,2020-01-04 20:05:17,43.27,-1.98,50.0,81,75,6.55,broken clouds,0.0,0.0
93,Vila Franca Do Campo,PT,2020-01-04 20:05:17,37.72,-25.43,62.6,88,20,10.29,few clouds,0.0,0.0
94,Vawkavysk,BY,2020-01-04 20:05:18,53.15,24.45,32.27,99,100,5.93,snow,0.0,2.44
95,Buala,SB,2020-01-04 20:05:18,-8.15,159.59,82.56,79,87,7.29,overcast clouds,0.0,0.0
96,Hermanus,ZA,2020-01-04 20:05:18,-34.42,19.24,64.99,87,5,3.0,clear sky,0.0,0.0
97,Fortuna,US,2020-01-04 20:03:45,40.6,-124.16,55.0,87,1,4.7,clear sky,0.0,0.0
98,Nome,US,2020-01-04 20:05:19,30.04,-94.42,69.01,32,1,8.05,clear sky,0.0,0.0
99,Provideniya,RU,2020-01-04 20:05:19,64.42,-173.23,-12.82,78,60,10.63,broken clouds,0.0,0.0
100,Luderitz,NA,2020-01-04 20:05:20,-26.65,15.16,62.53,87,0,25.5,clear sky,0.0,0.0
101,Barrow,AR,2020-01-04 20:05:20,-38.31,-60.23,77.27,55,75,18.05,broken clouds,0.0,0.0
102,Muravlenko,RU,2020-01-04 20:05:20,63.79,74.5,22.69,92,100,22.55,light snow,0.0,0.5
103,Bethel,US,2020-01-04 20:05:20,60.79,-161.76,-9.4,75,1,5.82,clear sky,0.0,0.0
104,Shitanjing,CN,2020-01-04 20:05:21,39.23,106.34,28.72,80,89,5.44,overcast clouds,0.0,0.0
105,Tuktoyaktuk,CA,2020-01-04 20:05:21,69.44,-133.03,-23.8,74,40,11.41,scattered clouds,0.0,0.0
106,Saint-Georges,CA,2020-01-04 20:03:03,46.12,-70.67,35.01,84,100,1.01,light snow,0.0,0.13
107,Puerto Cabezas,NI,2020-01-04 20:05:21,14.04,-83.39,87.8,79,40,6.93,haze,0.0,0.0
108,Marsh Harbour,BS,2020-01-04 20:05:21,26.54,-77.06,79.03,73,65,15.95,broken clouds,0.0,0.0
109,Bucerias,MX,2020-01-04 20:05:22,20.76,-105.33,77.0,53,75,5.82,broken clouds,0.0,0.0
110,Slantsy,RU,2020-01-04 20:05:22,59.12,28.09,32.61,84,100,9.53,light snow,0.0,0.19
111,Ribeira Grande,PT,2020-01-04 20:05:22,38.52,-28.7,64.4,88,40,11.41,scattered clouds,0.0,0.0
112,Tual,ID,2020-01-04 20:05:23,-5.67,132.75,82.65,79,100,18.99,light rain,2.44,0.0
113,Dakoro,NE,2020-01-04 20:05:23,14.51,6.76,59.72,24,0,14.83,clear sky,0.0,0.0
114,Chifeng,CN,2020-01-04 20:03:03,42.27,118.96,14.9,72,0,4.05,clear sky,0.0,0.0
115,Brindisi,IT,2020-01-04 20:05:23,40.63,17.94,52.0,76,0,11.41,clear sky,0.0,0.0
116,Langsa,ID,2020-01-04 20:05:23,4.47,97.97,72.7,87,0,4.16,clear sky,0.0,0.0
117,Saint-Philippe,CA,2020-01-04 20:05:24,45.36,-73.48,33.01,92,90,12.75,light snow,0.0,0.0
118,Lagoa,PT,2020-01-04 20:05:24,37.14,-8.45,55.0,87,0,4.7,clear sky,0.0,0.0
119,Bayir,TR,2020-01-04 20:05:24,37.27,28.22,42.8,60,0,3.36,clear sky,0.0,0.0
120,Tigre,AR,2020-01-04 20:05:24,-34.42,-58.58,86.0,42,20,9.17,few clouds,0.0,0.0
121,Narsaq,GL,2020-01-04 20:05:25,60.91,-46.05,26.6,86,75,3.38,light snow,0.0,0.0
122,Talara,PE,2020-01-04 20:05:25,-4.58,-81.27,62.6,100,100,14.99,overcast clouds,0.0,0.0
123,Carnarvon,ZA,2020-01-04 20:05:25,-30.97,22.13,72.52,24,0,14.58,clear sky,0.0,0.0
124,Kodiak,US,2020-01-04 20:03:15,39.95,-94.76,43.0,44,1,10.29,clear sky,0.0,0.0
125,Namibe,AO,2020-01-04 20:05:25,-15.19,12.15,75.63,89,99,10.27,overcast clouds,0.0,0.0
126,Dwarka,IN,2020-01-04 20:05:26,28.58,77.04,62.01,76,20,2.95,mist,0.0,0.0
127,Mataura,NZ,2020-01-04 20:05:26,-46.19,168.86,51.01,88,98,5.99,overcast clouds,0.0,0.0
128,Torbay,CA,2020-01-04 20:05:26,47.66,-52.73,35.01,98,90,14.99,light rain,0.0,0.0
129,Tessalit,ML,2020-01-04 20:03:55,20.2,1.01,55.83,26,44,10.63,scattered clouds,0.0,0.0
130,Roma,IT,2020-01-04 20:03:07,41.89,12.48,51.01,87,40,2.24,scattered clouds,0.0,0.0
131,Padang,ID,2020-01-04 20:05:27,-0.92,100.36,68.68,92,100,5.53,overcast clouds,0.0,0.0
132,La Ronge,CA,2020-01-04 20:05:27,55.1,-105.3,17.6,85,90,17.22,light snow,0.0,0.0
133,Sitka,US,2020-01-04 20:05:27,37.17,-99.65,54.0,44,0,5.01,clear sky,0.0,0.0
134,Nikolskoye,RU,2020-01-04 20:05:28,59.7,30.79,34.0,86,90,15.66,overcast clouds,0.0,0.0
135,Uchaly,RU,2020-01-04 20:05:28,54.32,59.38,15.4,91,0,3.13,clear sky,0.0,0.0
136,Manokwari,ID,2020-01-04 20:05:28,-0.87,134.08,72.88,84,100,1.43,overcast clouds,0.0,0.0
137,Bagua Grande,PE,2020-01-04 20:05:28,-5.75,-78.44,77.65,54,73,4.61,broken clouds,0.0,0.0
138,Hithadhoo,MV,2020-01-04 20:00:37,-0.6,73.08,83.03,68,99,4.38,overcast clouds,0.0,0.0
139,Kruisfontein,ZA,2020-01-04 20:05:29,-34.0,24.73,68.18,96,49,3.51,scattered clouds,0.0,0.0
140,Tamiahua,MX,2020-01-04 20:05:29,21.28,-97.45,67.42,56,0,14.18,clear sky,0.0,0.0
141,Beyneu,KZ,2020-01-04 20:05:29,45.32,55.19,28.44,67,12,6.15,few clouds,0.0,0.0
142,West Bay,CA,2020-01-04 20:05:29,49.34,-123.21,46.99,75,40,11.41,scattered clouds,0.0,0.0
143,Lavrentiya,RU,2020-01-04 20:05:30,65.58,-170.99,-11.18,85,78,11.18,broken clouds,0.0,0.0
144,Ginda,IN,2020-01-04 20:05:30,30.69,78.49,31.91,82,0,4.16,clear sky,0.0,0.0
145,Brae,GB,2020-01-04 20:05:30,60.4,-1.35,42.8,93,100,25.28,light rain,1.75,0.0
146,Loiza,PR,2020-01-04 20:05:31,18.43,-65.88,84.2,62,40,11.41,scattered clouds,0.0,0.0
147,Longyearbyen,NO,2020-01-04 20:05:31,78.22,15.63,3.2,71,40,10.29,scattered clouds,0.0,0.0
148,Kanniyakumari,IN,2020-01-04 20:05:31,8.08,77.57,81.34,78,3,12.53,light rain,1.13,0.0
149,Mahebourg,MU,2020-01-04 20:05:31,-20.41,57.7,79.0,94,40,6.85,scattered clouds,0.0,0.0
150,Penzance,GB,2020-01-04 20:05:32,50.12,-5.53,51.01,87,75,4.7,light intensity drizzle,0.0,0.0
151,Antsohihy,MG,2020-01-04 20:05:32,-14.88,47.99,74.84,92,100,1.32,overcast clouds,0.0,0.0
152,Sola,TZ,2020-01-04 20:05:32,-3.17,33.8,65.82,81,1,5.57,clear sky,0.0,0.0
153,Ouesso,CG,2020-01-04 20:05:32,1.61,16.05,75.16,31,74,2.13,broken clouds,0.0,0.0
154,Avarua,CK,2020-01-04 20:03:35,-21.21,-159.78,78.8,88,1,5.82,light rain,0.0,0.0
155,Kaele,CM,2020-01-04 20:05:33,10.11,14.45,69.24,22,0,10.58,clear sky,0.0,0.0
156,Puerto Lleras,CO,2020-01-04 20:05:33,8.16,-72.46,87.8,52,20,16.11,few clouds,0.0,0.0
157,Broken Hill,AU,2020-01-04 20:05:34,-31.97,141.45,68.0,37,41,24.16,scattered clouds,0.0,0.0
158,Kokologo,BF,2020-01-04 20:05:34,12.19,-1.88,75.2,21,94,6.93,overcast clouds,0.0,0.0
159,Ostrovnoy,RU,2020-01-04 20:05:35,68.05,39.51,24.31,86,100,25.72,light snow,0.0,0.63
160,Katsuura,JP,2020-01-04 20:05:35,33.93,134.5,46.4,61,75,13.87,broken clouds,0.0,0.0
161,Cockburn Town,TC,2020-01-04 20:05:35,21.46,-71.14,80.6,69,40,11.41,scattered clouds,0.0,0.0
162,Chuy,UY,2020-01-04 20:05:36,-33.69,-53.46,74.25,64,13,12.35,few clouds,0.0,0.0
163,Zaraza,VE,2020-01-04 20:05:36,9.35,-65.33,86.68,45,0,5.91,clear sky,0.0,0.0
164,Castro,CL,2020-01-04 20:05:36,-42.48,-73.76,64.4,55,0,10.29,clear sky,0.0,0.0
165,Saint George,GR,2020-01-04 20:05:36,39.45,22.34,44.01,64,100,5.82,overcast clouds,0.0,0.0
166,Yumen,CN,2020-01-04 20:05:37,40.29,97.04,17.22,63,100,4.25,overcast clouds,0.0,0.0
167,Santiago Del Estero,AR,2020-01-04 20:05:37,-27.8,-64.26,94.66,22,0,6.64,clear sky,0.0,0.0
168,Stolin,BY,2020-01-04 20:05:37,51.89,26.85,33.55,91,100,10.11,overcast clouds,0.0,0.0
169,Rio Gallegos,AR,2020-01-04 20:04:04,-51.62,-69.22,62.6,52,40,20.8,scattered clouds,0.0,0.0
170,Bacabal,BR,2020-01-04 20:05:38,-4.23,-44.78,73.38,96,100,2.57,light rain,1.19,0.0
171,Tura,RU,2020-01-04 20:05:38,64.27,100.22,1.31,94,100,6.6,light snow,0.0,0.25
172,Bathsheba,BB,2020-01-04 20:05:38,13.22,-59.52,82.4,65,40,16.11,shower rain,0.0,0.0
173,Bima,ID,2020-01-04 20:05:38,-8.45,118.73,72.27,95,100,1.41,light rain,0.88,0.0
174,Taltal,CL,2020-01-04 20:05:39,-25.41,-70.49,64.49,71,0,5.93,clear sky,0.0,0.0
175,Channel-Port Aux Basques,CA,2020-01-04 20:05:39,47.57,-59.14,30.6,91,84,14.85,broken clouds,0.0,0.0
176,Cartagena,ES,2020-01-04 20:05:39,37.63,-1.0,51.01,100,1,6.93,clear sky,0.0,0.0
177,Nelson Bay,AU,2020-01-04 20:05:39,-32.72,152.14,73.4,56,90,14.99,overcast clouds,0.0,0.0
178,Nuzvid,IN,2020-01-04 20:05:39,16.79,80.85,69.69,97,18,5.61,light rain,0.13,0.0
179,Atar,MR,2020-01-04 20:05:40,20.52,-13.05,59.94,20,0,12.28,clear sky,0.0,0.0
180,Igrim,RU,2020-01-04 20:05:40,63.19,64.42,28.44,86,31,12.28,scattered clouds,0.0,0.0
181,Nianzishan,CN,2020-01-04 20:05:40,47.51,122.88,10.54,72,100,4.32,overcast clouds,0.0,0.0
182,Mount Isa,AU,2020-01-04 20:05:40,-20.73,139.49,77.0,69,98,7.65,overcast clouds,0.0,0.0
183,Zelenoborskiy,RU,2020-01-04 20:05:41,66.84,32.36,16.48,82,48,11.27,scattered clouds,0.0,0.0
184,Saurimo,AO,2020-01-04 20:05:41,-9.66,20.4,66.15,97,100,2.08,light rain,0.25,0.0
185,Monrovia,LR,2020-01-04 20:05:41,6.33,-10.8,75.2,83,20,7.07,mist,0.0,0.0
186,Dakar,SN,2020-01-04 20:04:20,14.69,-17.45,75.2,38,5,11.41,dust,0.0,0.0
187,Harnosand,SE,2020-01-04 20:05:41,62.63,17.94,33.01,58,0,17.22,clear sky,0.0,0.0
188,Alofi,NU,2020-01-04 20:05:42,-19.06,-169.92,80.6,83,0,8.05,clear sky,0.0,0.0
189,Mount Gambier,AU,2020-01-04 20:05:42,-37.83,140.78,53.6,71,90,8.05,overcast clouds,0.0,0.0
190,Namtsy,RU,2020-01-04 20:05:42,62.72,129.66,-29.2,66,100,4.47,light snow,0.0,0.0
191,Kailua,US,2020-01-04 20:05:42,21.39,-157.74,75.2,88,90,23.04,moderate rain,0.0,0.0
192,Te Anau,NZ,2020-01-04 20:05:43,-45.41,167.72,47.88,82,100,8.14,moderate rain,5.81,0.0
193,Saldanha,PT,2020-01-04 20:05:43,41.42,-6.55,38.01,86,0,4.61,clear sky,0.0,0.0
194,Gawler,AU,2020-01-04 20:05:43,-34.6,138.75,55.99,87,90,8.05,light rain,0.0,0.0
195,Markova,RU,2020-01-04 20:05:43,52.21,104.21,6.8,92,90,2.24,fog,0.0,0.0
196,Naliya,IN,2020-01-04 20:05:43,23.26,68.83,61.03,48,0,3.87,clear sky,0.0,0.0
197,Sorong,ID,2020-01-04 20:05:44,-0.86,131.25,72.54,97,100,1.63,light rain,0.13,0.0
198,Launceston,AU,2020-01-04 20:05:44,-41.43,147.14,54.0,57,75,4.7,broken clouds,0.0,0.0
199,Belorechensk,RU,2020-01-04 20:05:44,44.77,39.87,23.0,92,0,2.75,mist,0.0,0.0
200,Meadow Lake,CA,2020-01-04 20:02:26,54.13,-108.44,23.0,79,90,3.36,overcast clouds,0.0,0.0
201,Vanavara,RU,2020-01-04 20:05:45,60.35,102.28,3.81,94,100,5.5,overcast clouds,0.0,0.0
202,Caravelas,BR,2020-01-04 20:05:45,-17.73,-39.27,78.39,84,100,8.88,overcast clouds,0.0,0.0
203,Beberibe,BR,2020-01-04 20:05:45,-4.18,-38.13,86.0,58,20,12.75,few clouds,0.0,0.0
204,San Juan,AR,2020-01-04 20:05:46,-31.54,-68.53,99.48,16,0,8.52,clear sky,0.0,0.0
205,Klaksvik,FO,2020-01-04 20:05:46,62.23,-6.59,44.6,100,100,19.46,light rain,0.0,0.0
206,Cidreira,BR,2020-01-04 20:05:46,-30.17,-50.22,73.17,80,23,17.76,light rain,0.31,0.0
207,Solnechnyy,RU,2020-01-04 20:05:46,50.72,136.64,-10.28,82,0,2.1,clear sky,0.0,0.0
208,Salamiyah,SY,2020-01-04 20:05:47,35.01,37.05,45.7,88,36,10.29,scattered clouds,0.0,0.0
209,Katangli,RU,2020-01-04 20:05:47,51.71,143.23,1.72,86,100,12.15,light snow,0.0,0.13
210,Khatanga,RU,2020-01-04 20:05:47,71.98,102.47,-18.11,85,0,8.79,clear sky,0.0,0.0
211,Huadian,CN,2020-01-04 20:05:48,42.97,126.75,7.02,95,86,2.57,overcast clouds,0.0,0.0
212,High Level,CA,2020-01-04 20:05:48,58.52,-117.13,3.2,84,40,5.82,scattered clouds,0.0,0.0
213,Tarnowskie Gory,PL,2020-01-04 20:05:48,50.45,18.86,36.0,93,75,16.11,light rain,0.0,0.0
214,Tatsuno,JP,2020-01-04 20:05:48,34.87,134.51,42.01,77,15,5.99,light snow,0.0,0.19
215,George Town,MY,2020-01-04 20:05:48,5.42,100.33,80.6,69,40,5.82,scattered clouds,0.0,0.0
216,Elko,US,2020-01-04 20:02:40,40.83,-115.76,41.0,64,90,4.7,overcast clouds,0.0,0.0
217,Jha Jha,IN,2020-01-04 20:05:49,24.77,86.37,57.83,79,33,5.55,scattered clouds,0.0,0.0
218,Adrar,DZ,2020-01-04 20:05:49,27.87,-0.29,51.8,27,85,9.17,overcast clouds,0.0,0.0
219,Port Hardy,CA,2020-01-04 20:05:50,50.7,-127.42,39.2,93,90,3.36,light intensity shower rain,0.0,0.0
220,Kawalu,ID,2020-01-04 20:05:50,-7.38,108.21,70.34,88,45,2.75,scattered clouds,0.0,0.0
221,Aktau,KZ,2020-01-04 20:05:50,43.65,51.16,19.4,85,24,11.18,few clouds,0.0,0.0
222,Banda Aceh,ID,2020-01-04 20:05:50,5.56,95.32,71.83,87,0,5.14,clear sky,0.0,0.0
223,Guane,CU,2020-01-04 20:05:50,22.2,-84.09,82.31,71,13,11.97,light rain,0.19,0.0
224,Nanortalik,GL,2020-01-04 20:05:51,60.14,-45.24,30.34,89,100,15.46,light snow,0.0,0.75
225,Las Palmas,CO,2020-01-04 20:05:51,9.27,-75.33,83.25,73,88,9.78,light rain,0.13,0.0
226,Chicama,PE,2020-01-04 20:05:51,-7.84,-79.15,73.4,78,20,10.29,few clouds,0.0,0.0
227,Luneville,FR,2020-01-04 20:05:51,48.6,6.5,43.0,75,90,4.7,overcast clouds,0.0,0.0
228,Faanui,PF,2020-01-04 20:05:52,-16.48,-151.75,81.45,77,100,12.1,overcast clouds,0.0,0.0
229,Upernavik,GL,2020-01-04 20:05:52,72.79,-56.15,-35.36,97,64,12.21,broken clouds,0.0,0.0
230,Conde,BR,2020-01-04 20:05:52,-11.81,-37.61,80.78,80,100,17.56,overcast clouds,0.0,0.0
231,Ponta Do Sol,BR,2020-01-04 20:04:07,-20.63,-46.0,72.32,89,100,2.01,moderate rain,10.63,0.0
232,Westport,US,2020-01-04 20:02:02,41.14,-73.36,51.01,100,90,5.44,mist,0.0,0.0
233,Madimba,CM,2020-01-04 20:05:54,4.42,9.93,82.4,83,20,2.55,few clouds,0.0,0.0
234,Krasnyy,RU,2020-01-04 20:05:55,53.81,40.7,30.61,88,100,11.74,overcast clouds,0.0,0.0
235,Talnakh,RU,2020-01-04 20:05:55,69.49,88.39,-0.4,77,100,22.37,overcast clouds,0.0,0.0
236,Pitimbu,BR,2020-01-04 20:05:55,-7.47,-34.81,84.2,62,20,12.75,few clouds,0.0,0.0
237,Bukachacha,RU,2020-01-04 20:05:56,52.99,116.91,-3.33,99,69,1.72,broken clouds,0.0,0.0
238,Vytegra,RU,2020-01-04 20:05:56,61.01,36.45,30.58,93,100,5.7,light snow,0.0,0.13
239,Broome,GB,2020-01-04 20:05:56,52.47,1.45,46.0,87,40,6.93,scattered clouds,0.0,0.0
240,Ansbach,DE,2020-01-04 20:05:56,49.3,10.57,41.0,80,75,13.87,broken clouds,0.0,0.0
241,Maniitsoq,GL,2020-01-04 20:05:57,65.42,-52.9,21.63,58,100,4.21,overcast clouds,0.0,0.0
242,Ilulissat,GL,2020-01-04 20:05:18,69.22,-51.1,12.2,66,40,11.41,shower rain,0.0,0.0
243,Acapulco,MX,2020-01-04 20:05:57,16.86,-99.88,87.8,62,40,4.7,scattered clouds,0.0,0.0
244,Imbituba,BR,2020-01-04 20:03:39,-28.24,-48.67,78.8,74,75,14.99,broken clouds,0.0,0.0
245,Lodja,CD,2020-01-04 20:05:58,-3.52,23.6,69.44,98,100,1.88,light rain,1.88,0.0
246,Cayenne,GF,2020-01-04 20:04:11,4.94,-52.33,84.2,70,75,9.17,broken clouds,0.0,0.0
247,Amazar,RU,2020-01-04 20:05:59,53.86,120.88,-3.59,91,100,2.8,overcast clouds,0.0,0.0
248,Los Llanos De Aridane,ES,2020-01-04 20:05:59,28.66,-17.92,66.2,68,75,10.29,broken clouds,0.0,0.0
249,Samfya,ZM,2020-01-04 20:05:59,-11.37,29.56,66.45,95,100,5.77,light rain,2.25,0.0
250,Whitehorse,CA,2020-01-04 20:05:59,60.72,-135.06,-2.0,84,75,0.96,light snow,0.0,0.0
251,Tautira,PF,2020-01-04 20:05:59,-17.73,-149.15,86.0,66,40,3.36,scattered clouds,0.0,0.0
252,Marrakesh,MA,2020-01-04 20:04:12,31.63,-7.99,55.4,71,0,3.36,clear sky,0.0,0.0
253,Camacupa,AO,2020-01-04 20:06:00,-12.02,17.48,63.68,98,100,5.14,overcast clouds,0.0,0.0
254,Peruibe,BR,2020-01-04 20:03:59,-24.32,-47.0,77.67,81,20,8.19,moderate rain,5.06,0.0
255,Mozarlandia,BR,2020-01-04 20:06:01,-14.74,-50.57,74.93,93,100,8.79,light rain,1.31,0.0
256,Krasnotorka,UA,2020-01-04 20:06:01,48.68,37.52,37.24,88,100,9.82,overcast clouds,0.0,0.0
257,Sao Joao Da Barra,BR,2020-01-04 20:06:01,-21.64,-41.05,82.4,74,75,16.11,broken clouds,0.0,0.0
258,Almaznyy,RU,2020-01-04 20:06:01,48.03,40.04,32.0,77,0,8.95,clear sky,0.0,0.0
259,Shingu,JP,2020-01-04 20:06:02,33.72,135.99,45.52,66,0,15.43,clear sky,0.0,0.0
260,Baryatino,RU,2020-01-04 20:06:02,54.31,34.52,32.67,80,64,11.03,broken clouds,0.0,0.0
261,Bowen,AU,2020-01-04 20:06:02,-20.01,148.25,73.4,83,75,5.82,broken clouds,0.0,0.0
262,Bandundu,CD,2020-01-04 20:06:02,-3.32,17.38,75.94,69,100,4.36,overcast clouds,0.0,0.0
263,Galle,GN,2020-01-04 20:06:03,10.08,-12.83,70.34,28,3,2.42,clear sky,0.0,0.0
264,Achinsk,RU,2020-01-04 20:06:03,56.27,90.5,11.01,86,52,10.13,broken clouds,0.0,0.0
265,Chitipa,MW,2020-01-04 20:06:03,-9.7,33.27,63.3,89,94,2.82,overcast clouds,0.0,0.0
266,Muli,CN,2020-01-04 20:06:03,28.08,109.56,39.9,95,96,3.02,overcast clouds,0.0,0.0
267,Tanda,IN,2020-01-04 20:06:04,31.67,75.63,47.48,66,0,2.26,clear sky,0.0,0.0
268,Necochea,AR,2020-01-04 20:06:04,-38.55,-58.74,75.83,56,3,13.33,clear sky,0.0,0.0
269,Quatre Cocos,MU,2020-01-04 20:06:04,-20.21,57.76,79.0,94,40,15.75,scattered clouds,0.0,0.0
270,Lebu,ET,2020-01-04 20:06:05,8.96,38.73,60.8,55,20,6.93,few clouds,0.0,0.0
271,Havre-Saint-Pierre,CA,2020-01-04 20:06:05,50.23,-63.6,23.0,85,1,3.36,clear sky,0.0,0.0
272,Souillac,FR,2020-01-04 20:06:05,45.6,-0.6,42.8,81,0,8.05,clear sky,0.0,0.0
273,Waipawa,NZ,2020-01-04 20:06:05,-39.94,176.59,55.99,73,33,1.99,scattered clouds,0.0,0.0
274,Sile,US,2020-01-04 20:06:06,35.56,-106.37,51.01,36,75,5.82,broken clouds,0.0,0.0
275,Pacific Grove,US,2020-01-04 20:02:31,36.62,-121.92,62.01,67,1,5.82,clear sky,0.0,0.0
276,Sinnamary,GF,2020-01-04 20:06:06,5.38,-52.96,79.81,80,100,14.85,light rain,0.63,0.0
277,Cabo San Lucas,MX,2020-01-04 20:06:06,22.89,-109.91,79.0,36,5,5.82,clear sky,0.0,0.0
278,Hofn,IS,2020-01-04 20:06:07,64.25,-15.21,45.07,74,67,37.24,broken clouds,0.0,0.0
279,Saint Paul,US,2020-01-04 20:06:07,44.95,-93.1,32.0,63,20,9.17,few clouds,0.0,0.0
280,Iqaluit,CA,2020-01-04 20:06:07,63.75,-68.52,-14.8,68,75,38.03,broken clouds,0.0,0.0
281,Santa Maria,BR,2020-01-04 20:06:07,-16.02,-48.01,70.0,94,90,8.05,light rain,0.0,0.0
282,Nouakchott,MR,2020-01-04 20:03:44,18.08,-15.98,71.6,12,51,9.17,dust,0.0,0.0
283,Immokalee,US,2020-01-04 20:06:08,26.42,-81.42,79.0,83,90,18.34,moderate rain,0.0,0.0
284,Vostok,RU,2020-01-04 20:06:08,46.45,135.83,-7.71,97,100,4.59,light snow,0.0,0.13
285,Pevek,RU,2020-01-04 20:03:23,69.7,170.27,-5.69,64,0,2.66,clear sky,0.0,0.0
286,Liptovsky Hradok,SK,2020-01-04 20:06:09,49.04,19.72,34.0,97,75,21.92,light snow,0.0,0.0
287,Caconda,AO,2020-01-04 20:06:09,-13.73,15.06,60.31,97,100,6.08,overcast clouds,0.0,0.0
288,Mnogovershinnyy,RU,2020-01-04 20:06:09,53.94,139.92,-1.53,96,100,7.25,light snow,0.0,0.25
289,Nikel,NO,2020-01-04 20:06:09,69.41,30.21,19.4,79,100,32.21,light snow,0.0,0.0
290,Kumluca,TR,2020-01-04 20:06:10,36.37,30.29,45.3,59,0,3.06,clear sky,0.0,0.0
291,Touros,BR,2020-01-04 20:06:10,-5.2,-35.46,84.2,62,40,17.22,scattered clouds,0.0,0.0
292,Tazovskiy,RU,2020-01-04 20:06:10,67.47,78.7,13.6,93,100,18.34,light snow,0.0,0.63
293,Batagay-Alyta,RU,2020-01-04 20:06:10,67.8,130.41,-22.31,83,3,3.65,clear sky,0.0,0.0
294,Skarnes,NO,2020-01-04 20:06:11,60.25,11.68,32.0,59,0,5.82,clear sky,0.0,0.0
295,Cabedelo,BR,2020-01-04 20:06:11,-6.97,-34.84,84.2,62,20,12.75,few clouds,0.0,0.0
296,Namatanai,PG,2020-01-04 20:06:11,-3.66,152.44,77.4,90,100,3.02,heavy intensity rain,15.19,0.0
297,Grand-Lahou,CI,2020-01-04 20:06:11,5.24,-5.0,82.35,54,0,10.74,clear sky,0.0,0.0
298,Hamilton,CA,2020-01-04 20:06:12,43.26,-79.87,37.99,80,90,6.93,light rain,0.0,0.0
299,Katobu,ID,2020-01-04 20:06:12,-4.94,122.53,75.69,94,70,4.5,broken clouds,0.0,0.0
300,Carahue,CL,2020-01-04 20:06:12,-38.71,-73.16,73.4,43,0,16.11,clear sky,0.0,0.0
301,Grand Gaube,MU,2020-01-04 20:06:13,-20.01,57.66,79.0,94,40,12.03,scattered clouds,0.0,0.0
302,Airai,TL,2020-01-04 20:03:23,-8.93,125.41,69.01,80,94,5.53,overcast clouds,0.0,0.0
303,San Patricio,PY,2020-01-04 20:06:13,-26.98,-56.83,90.84,31,0,3.33,clear sky,0.0,0.0
304,Albina,GF,2020-01-04 20:06:13,5.5,-54.06,77.29,86,100,5.1,light rain,0.75,0.0
305,Kasli,RU,2020-01-04 20:06:14,55.89,60.75,27.59,90,99,8.08,overcast clouds,0.0,0.0
306,College,US,2020-01-04 20:06:14,64.86,-147.8,-29.2,60,75,3.24,mist,0.0,0.0
307,Turayf,SA,2020-01-04 20:06:14,31.68,38.65,44.6,87,40,4.7,scattered clouds,0.0,0.0
308,Tuatapere,NZ,2020-01-04 20:06:14,-46.13,167.69,51.01,88,100,5.99,light rain,2.38,0.0
309,Sidi Ali,DZ,2020-01-04 20:06:15,36.1,0.42,46.81,91,0,2.06,clear sky,0.0,0.0
310,Azle,US,2020-01-04 20:02:29,32.9,-97.55,61.0,32,1,3.36,clear sky,0.0,0.0
311,Lufilufi,WS,2020-01-04 20:06:15,-13.87,-171.6,78.01,94,85,3.0,overcast clouds,0.0,0.0
312,Cherskiy,RU,2020-01-04 20:06:15,68.75,161.3,-2.87,58,31,6.64,scattered clouds,0.0,0.0
313,Dunn,US,2020-01-04 20:06:16,35.31,-78.61,66.99,82,90,12.75,moderate rain,0.0,0.0
314,Ambanja,MG,2020-01-04 20:06:16,-13.68,48.45,78.71,81,91,6.8,overcast clouds,0.0,0.0
315,Phalaborwa,ZA,2020-01-04 20:06:16,-23.95,31.14,86.0,58,6,4.7,clear sky,0.0,0.0
316,Pishva,IR,2020-01-04 20:06:16,35.31,51.73,42.8,75,90,6.93,light rain,0.0,0.0
317,Mana,NG,2020-01-04 20:06:17,13.03,5.27,65.17,23,0,11.9,clear sky,0.0,0.0
318,Wajir,KE,2020-01-04 20:06:17,1.75,40.07,84.18,52,100,12.53,overcast clouds,0.0,0.0
319,Qaqortoq,GL,2020-01-04 20:06:17,60.72,-46.03,26.6,86,75,4.56,light snow,0.0,0.0
320,Yaypan,UZ,2020-01-04 20:06:17,40.38,70.82,37.81,74,100,1.32,overcast clouds,0.0,0.0
321,Baie-Saint-Paul,CA,2020-01-04 20:06:18,47.44,-70.51,30.0,72,95,5.01,overcast clouds,0.0,0.0
322,Yatou,CM,2020-01-04 20:06:18,3.63,9.81,82.4,83,20,2.55,few clouds,0.0,0.0
323,Umea,SE,2020-01-04 20:05:45,63.83,20.26,30.2,50,0,18.34,clear sky,0.0,0.0
324,Arlit,NE,2020-01-04 20:06:18,18.74,7.39,59.49,24,0,18.97,clear sky,0.0,0.0
325,Udachnyy,RU,2020-01-04 20:06:19,66.42,112.4,-23.8,74,0,4.47,clear sky,0.0,0.0
326,San Cristobal,HN,2020-01-04 20:06:19,14.68,-86.92,80.58,50,67,9.37,light rain,0.19,0.0
327,Altay,CN,2020-01-04 20:06:19,47.83,88.13,10.33,66,92,2.64,overcast clouds,0.0,0.0
328,Lucapa,AO,2020-01-04 20:06:19,-8.42,20.74,67.95,97,100,1.79,light rain,0.19,0.0
329,Grindavik,IS,2020-01-04 20:06:20,63.84,-22.43,39.2,80,75,25.28,broken clouds,0.0,0.0
330,Dzhebariki-Khaya,RU,2020-01-04 20:06:20,62.22,135.8,-25.67,95,100,1.32,overcast clouds,0.0,0.0
331,Carballo,ES,2020-01-04 20:06:21,43.21,-8.69,50.0,93,0,2.24,clear sky,0.0,0.0
332,Elat,CM,2020-01-04 20:06:21,2.91,11.16,70.7,91,0,2.08,clear sky,0.0,0.0
333,Port-Cartier,CA,2020-01-04 20:06:21,50.03,-66.88,28.4,68,75,8.05,broken clouds,0.0,0.0
334,Aykhal,RU,2020-01-04 20:06:21,65.95,111.51,-23.8,74,15,4.47,few clouds,0.0,0.0
335,Taoudenni,ML,2020-01-04 20:06:22,22.68,-3.98,58.68,23,0,10.04,clear sky,0.0,0.0
336,Panzhihua,CN,2020-01-04 20:06:22,26.59,101.72,41.74,95,92,1.5,light rain,0.31,0.0
337,Quelimane,MZ,2020-01-04 20:06:22,-17.88,36.89,80.51,85,88,6.58,overcast clouds,0.0,0.0
338,Nouadhibou,MR,2020-01-04 20:06:22,20.93,-17.03,68.0,42,0,9.17,dust,0.0,0.0
339,Kibala,TD,2020-01-04 20:06:23,9.11,18.35,73.4,40,0,6.93,clear sky,0.0,0.0
340,Camacha,PT,2020-01-04 20:06:23,33.08,-16.33,64.4,77,75,5.82,broken clouds,0.0,0.0
341,Evensk,RU,2020-01-04 20:06:23,61.92,159.24,8.55,50,66,8.12,broken clouds,0.0,0.0
342,Campina Verde,BR,2020-01-04 20:06:23,-19.54,-49.49,78.53,84,33,6.58,moderate rain,8.13,0.0
343,Roebourne,AU,2020-01-04 20:06:24,-20.77,117.15,81.91,65,100,13.33,overcast clouds,0.0,0.0
344,Beloha,MG,2020-01-04 20:04:32,-25.17,45.06,73.22,85,0,13.18,clear sky,0.0,0.0
345,Sechura,PE,2020-01-04 20:06:24,-5.56,-80.82,70.3,92,100,18.23,overcast clouds,0.0,0.0
346,Kosovo Polje,BA,2020-01-04 20:06:24,43.8,19.29,33.8,86,91,3.36,light snow,0.0,1.0
347,Mbekenyera,TZ,2020-01-04 20:06:24,-10.0,38.98,71.64,95,99,3.4,overcast clouds,0.0,0.0
348,Curuguaty,PY,2020-01-04 20:06:25,-24.47,-55.69,87.87,45,0,3.49,clear sky,0.0,0.0
349,Xai-Xai,MZ,2020-01-04 20:06:25,-25.04,33.64,76.24,77,49,8.86,scattered clouds,0.0,0.0
350,Port Moresby,PG,2020-01-04 20:06:25,-9.47,147.16,75.2,100,20,11.41,few clouds,0.0,0.0
351,Lorengau,PG,2020-01-04 20:06:25,-2.02,147.27,84.31,72,90,9.06,light rain,3.0,0.0
352,Cocorit,MX,2020-01-04 20:06:26,27.57,-109.96,71.6,24,5,4.7,smoke,0.0,0.0
353,Kargasok,RU,2020-01-04 20:06:26,59.06,80.87,19.92,93,100,13.2,light snow,0.0,0.31
354,Mahenge,TZ,2020-01-04 20:06:26,-8.68,36.72,73.11,92,100,3.6,light rain,1.69,0.0
355,Impfondo,CD,2020-01-04 20:06:26,1.62,18.06,73.06,35,37,1.25,scattered clouds,0.0,0.0
356,Susanville,US,2020-01-04 20:06:27,40.42,-120.65,46.4,52,1,16.11,clear sky,0.0,0.0
357,Clyde River,CA,2020-01-04 20:03:37,70.47,-68.59,-23.8,67,75,9.17,mist,0.0,0.0
358,Ponta Delgada,PT,2020-01-04 20:06:27,37.73,-25.67,62.6,88,20,10.29,few clouds,0.0,0.0
359,Lithgow,AU,2020-01-04 20:06:27,-33.48,150.16,73.4,31,90,5.82,overcast clouds,0.0,0.0
360,Constantine,DZ,2020-01-04 20:06:28,36.36,6.61,42.8,93,75,4.7,broken clouds,0.0,0.0
361,Verkhnyaya Toyma,RU,2020-01-04 20:06:28,62.24,45.0,29.86,90,100,5.66,overcast clouds,0.0,0.0
362,Cap Malheureux,MU,2020-01-04 20:03:54,-19.98,57.61,79.0,94,40,12.03,scattered clouds,0.0,0.0
363,Klyuchi,RU,2020-01-04 20:06:28,52.25,79.17,20.3,86,71,9.86,broken clouds,0.0,0.0
364,Sheffield,GB,2020-01-04 20:06:29,53.38,-1.47,46.4,81,75,9.17,broken clouds,0.0,0.0
365,Saint Anthony,US,2020-01-04 20:06:30,43.97,-111.68,35.6,85,90,3.36,overcast clouds,0.0,0.0
366,Bubaque,GW,2020-01-04 20:06:30,11.28,-15.83,78.42,62,0,9.93,clear sky,0.0,0.0
367,Alexander City,US,2020-01-04 20:06:30,32.94,-85.95,61.0,41,1,16.11,clear sky,0.0,0.0
368,Luau,CD,2020-01-04 20:06:31,-10.7,22.23,63.03,98,100,1.25,overcast clouds,0.0,0.0
369,Goundam,ML,2020-01-04 20:06:31,16.42,-3.66,61.92,18,55,12.3,broken clouds,0.0,0.0
370,San Felipe,CL,2020-01-04 20:06:31,-32.75,-70.73,91.0,43,0,3.0,clear sky,0.0,0.0
371,Maldonado,UY,2020-01-04 20:06:32,-34.91,-54.96,80.6,54,40,13.87,scattered clouds,0.0,0.0
372,Coihaique,CL,2020-01-04 20:06:32,-45.58,-72.07,60.8,41,40,10.29,scattered clouds,0.0,0.0
373,Palana,RU,2020-01-04 20:06:32,59.08,159.95,8.87,74,1,5.73,clear sky,0.0,0.0
374,Mogadishu,SO,2020-01-04 20:06:33,2.04,45.34,80.65,83,0,15.14,clear sky,0.0,0.0
375,River Falls,US,2020-01-04 20:06:33,44.86,-92.63,32.0,63,20,9.17,few clouds,0.0,0.0
376,Aztec,US,2020-01-04 20:06:33,36.82,-107.99,37.99,51,1,5.82,clear sky,0.0,0.0
377,Nemuro,JP,2020-01-04 20:02:35,43.32,145.57,23.68,62,21,14.83,few clouds,0.0,0.0
378,Iroquois Falls,CA,2020-01-04 20:06:34,48.76,-80.69,15.8,78,90,3.36,light snow,0.0,0.0
379,Ambulu,ID,2020-01-04 20:06:34,-8.35,113.61,82.72,80,82,19.17,light rain,0.31,0.0
380,Yarada,IN,2020-01-04 20:06:34,17.65,83.27,76.41,82,88,12.84,light rain,0.44,0.0
381,Eureka,US,2020-01-04 20:06:34,40.8,-124.16,55.0,87,1,4.7,light rain,0.0,0.0
382,Biltine,TD,2020-01-04 20:06:35,14.53,20.93,62.91,20,0,17.56,clear sky,0.0,0.0
383,Saint-Francois,FR,2020-01-04 20:04:41,46.42,3.91,35.6,74,75,3.36,broken clouds,0.0,0.0
384,Ifanadiana,MG,2020-01-04 20:06:35,-21.3,47.64,65.88,98,48,1.74,light rain,0.13,0.0
385,Rjukan,NO,2020-01-04 20:06:36,59.88,8.59,17.01,90,0,28.99,clear sky,0.0,0.0
386,Matara,BI,2020-01-04 20:06:36,-3.48,29.48,58.14,90,55,3.04,broken clouds,0.0,0.0
387,Ouro Preto Do Oeste,BR,2020-01-04 20:06:36,-10.75,-62.22,79.92,93,100,4.41,moderate rain,6.44,0.0
388,Ishigaki,JP,2020-01-04 20:06:36,24.34,124.16,70.45,68,53,10.13,broken clouds,0.0,0.0
389,Sayyan,YE,2020-01-04 20:06:37,15.17,44.32,56.14,52,0,3.0,clear sky,0.0,0.0
390,Maputo,MZ,2020-01-04 20:04:29,-25.97,32.57,82.4,74,20,17.22,few clouds,0.0,0.0
391,Rawalpindi,PK,2020-01-04 20:02:03,33.6,73.06,44.01,100,0,3.36,mist,0.0,0.0
392,Pasni,PK,2020-01-04 20:06:37,25.26,63.48,68.9,80,5,5.37,clear sky,0.0,0.0
393,Connersville,US,2020-01-04 20:01:43,39.64,-85.14,37.0,100,90,12.75,light rain,0.0,0.0
394,Aksu,KZ,2020-01-04 20:06:38,52.04,76.93,26.6,86,90,8.95,overcast clouds,0.0,0.0
395,Kiama,AU,2020-01-04 20:06:38,-34.67,150.86,69.01,59,0,11.41,clear sky,0.0,0.0
396,Ilebo,CD,2020-01-04 20:06:38,-4.33,20.59,71.64,96,100,1.86,light rain,1.19,0.0
397,Saskylakh,RU,2020-01-04 20:06:39,71.97,114.09,-21.41,95,62,6.04,broken clouds,0.0,0.0
398,Vanimo,PG,2020-01-04 20:06:39,-2.67,141.3,82.44,81,100,14.07,light rain,2.94,0.0
399,Ketchikan,US,2020-01-04 20:06:39,55.34,-131.65,33.8,98,40,11.41,scattered clouds,0.0,0.0
400,Oranjemund,ZA,2020-01-04 20:06:39,-28.55,16.43,60.48,97,12,6.31,few clouds,0.0,0.0
401,Sambava,MG,2020-01-04 20:06:40,-14.27,50.17,73.27,98,100,1.79,overcast clouds,0.0,0.0
402,Port Macquarie,AU,2020-01-04 20:02:04,-31.43,152.91,73.4,83,90,10.29,overcast clouds,0.0,0.0
403,Les Cayes,HT,2020-01-04 20:06:40,18.19,-73.75,81.59,70,0,7.65,clear sky,0.0,0.0
404,Labuhan,ID,2020-01-04 20:06:40,-2.54,115.51,74.75,89,100,1.97,light rain,0.63,0.0
405,Sorland,NO,2020-01-04 20:06:41,67.67,12.69,33.22,60,95,19.6,light snow,0.0,0.38
406,Suez,EG,2020-01-04 20:06:41,29.97,32.54,51.78,54,43,8.93,scattered clouds,0.0,0.0
407,Kinsale,IE,2020-01-04 20:06:41,51.71,-8.52,46.99,93,75,10.29,light intensity drizzle rain,0.0,0.0
408,Aasiaat,GL,2020-01-04 20:06:41,68.71,-52.87,10.94,85,100,11.83,overcast clouds,0.0,0.0
409,Baiyin,CN,2020-01-04 20:06:42,36.55,104.13,30.99,53,100,6.71,overcast clouds,0.0,0.0
410,Yakeshi,CN,2020-01-04 20:06:42,49.28,120.73,-4.72,100,100,3.36,overcast clouds,0.0,0.0
411,Nanakuli,US,2020-01-04 20:06:43,21.39,-158.15,75.2,88,90,23.04,moderate rain,0.0,0.0
412,Sobolevo,RU,2020-01-04 20:06:43,54.43,31.9,30.74,92,67,12.03,broken clouds,0.0,0.0
413,Richards Bay,ZA,2020-01-04 20:06:43,-28.77,32.06,79.07,78,95,25.43,overcast clouds,0.0,0.0
414,Melville,CA,2020-01-04 20:06:43,50.93,-102.81,21.2,92,90,13.87,overcast clouds,0.0,0.0
415,Tiksi,RU,2020-01-04 20:03:58,71.64,128.87,-16.85,86,77,7.58,broken clouds,0.0,0.0
416,Manado,ID,2020-01-04 20:06:44,1.49,124.85,73.4,100,40,4.7,light rain,0.0,0.0
417,Wajima,JP,2020-01-04 20:06:44,37.4,136.9,40.39,70,100,21.43,light snow,0.0,0.25
418,Lusambo,CD,2020-01-04 20:06:44,-4.97,23.44,70.25,97,99,0.22,light rain,0.75,0.0
419,Mkushi,ZM,2020-01-04 20:06:45,-13.61,29.4,63.41,94,100,6.08,light rain,2.06,0.0
420,Huarmey,PE,2020-01-04 20:06:45,-10.07,-78.15,78.62,55,92,7.85,overcast clouds,0.0,0.0
421,Tiznit,MA,2020-01-04 20:06:45,29.7,-9.73,52.93,71,0,1.48,clear sky,0.0,0.0
422,Riyadh,SA,2020-01-04 20:06:46,24.63,46.72,66.2,55,40,4.7,scattered clouds,0.0,0.0
423,Dunedin,NZ,2020-01-04 20:06:47,-45.87,170.5,51.01,90,100,13.0,moderate rain,0.0,0.0
424,Mantua,IT,2020-01-04 20:06:47,45.16,10.79,46.99,86,33,3.36,scattered clouds,0.0,0.0
425,Ust-Nera,RU,2020-01-04 20:10:33,64.57,143.24,-11.31,98,94,2.17,overcast clouds,0.0,0.0
426,Lawton,US,2020-01-04 20:09:41,34.61,-98.39,55.0,34,1,9.17,clear sky,0.0,0.0
427,Tromso,NO,2020-01-04 20:10:34,69.65,18.96,28.0,86,75,4.7,light shower snow,0.0,0.0
428,San Borja,BO,2020-01-04 20:10:34,-14.86,-66.75,90.97,53,87,3.74,overcast clouds,0.0,0.0
429,Fort Nelson,CA,2020-01-04 20:07:02,58.81,-122.69,-5.8,70,75,10.29,broken clouds,0.0,0.0
430,Wilmington,US,2020-01-04 20:08:04,39.75,-75.55,55.0,100,90,7.65,light rain,0.0,0.0
431,Thessalon,CA,2020-01-04 20:08:04,46.26,-83.55,30.2,80,90,3.36,overcast clouds,0.0,0.0
432,Payo,ID,2020-01-04 20:08:05,-3.75,103.64,69.21,99,100,2.06,light rain,1.13,0.0
433,Mandalgovi,MN,2020-01-04 20:08:05,45.76,106.27,7.3,86,99,3.42,overcast clouds,0.0,0.0
434,Kropotkin,RU,2020-01-04 20:08:05,45.43,40.58,33.01,69,0,2.26,clear sky,0.0,0.0
435,Kaeo,NZ,2020-01-04 20:08:05,-35.1,173.78,66.99,86,100,3.0,overcast clouds,0.0,0.0
436,Ahipara,NZ,2020-01-04 20:04:06,-35.17,173.16,66.0,95,100,13.89,overcast clouds,0.0,0.0
437,Wuxue,CN,2020-01-04 20:08:06,29.85,115.56,48.02,90,100,9.48,overcast clouds,0.0,0.0
438,Kandrian,PG,2020-01-04 20:08:06,-6.21,149.55,76.19,91,28,1.28,light rain,2.31,0.0
439,Autazes,BR,2020-01-04 20:08:06,-3.58,-59.13,83.37,83,46,2.64,light rain,1.5,0.0
440,Diffa,NE,2020-01-04 20:08:07,13.32,12.61,63.55,30,52,13.13,broken clouds,0.0,0.0
441,Abu Samrah,SY,2020-01-04 20:08:07,35.3,37.18,47.08,84,87,9.31,light rain,0.13,0.0
442,Mareeba,AU,2020-01-04 20:08:07,-16.99,145.42,77.0,88,75,4.7,broken clouds,0.0,0.0
443,Grootfontein,NA,2020-01-04 20:08:07,-19.56,18.1,67.37,81,100,4.32,light rain,1.56,0.0
444,Geraldton,CA,2020-01-04 20:08:08,49.72,-86.95,15.8,85,90,9.17,light snow,0.0,0.0
445,Rockhampton,AU,2020-01-04 20:07:57,-23.38,150.51,71.6,73,100,3.36,overcast clouds,0.0,0.0
446,Shakhty,RU,2020-01-04 20:08:08,47.71,40.21,32.0,75,0,8.95,clear sky,0.0,0.0
447,Toguchin,RU,2020-01-04 20:08:08,55.24,84.4,20.19,88,89,16.75,overcast clouds,0.0,0.0
448,Vacha,DE,2020-01-04 20:08:09,50.83,10.02,41.0,91,75,8.05,broken clouds,0.0,0.0
449,Waingapu,ID,2020-01-04 20:07:06,-9.65,120.26,80.24,89,100,30.27,moderate rain,4.81,0.0
450,Santa Isabel,MX,2020-01-04 20:08:09,32.63,-115.58,68.0,29,20,2.08,few clouds,0.0,0.0
451,Dukat,AL,2020-01-04 20:08:09,40.25,19.57,54.0,70,100,1.01,overcast clouds,0.0,0.0
452,Khorixas,NA,2020-01-04 20:08:10,-20.37,14.96,71.38,77,100,2.62,light rain,1.88,0.0
453,Bambanglipuro,ID,2020-01-04 20:08:10,-7.95,110.28,73.65,93,63,4.18,broken clouds,0.0,0.0
454,Neuquen,AR,2020-01-04 20:05:14,-38.95,-68.06,91.4,15,20,5.82,few clouds,0.0,0.0
455,Sao Filipe,CV,2020-01-04 20:10:40,14.9,-24.5,70.59,77,39,10.83,scattered clouds,0.0,0.0
456,Laguna,BZ,2020-01-04 20:08:24,16.17,-88.94,86.0,66,40,9.17,scattered clouds,0.0,0.0
457,Homer,US,2020-01-04 20:08:24,59.64,-151.54,17.01,84,1,5.5,clear sky,0.0,0.0
458,Samarai,PG,2020-01-04 20:07:31,-10.62,150.67,79.09,81,26,1.25,scattered clouds,0.0,0.0
459,Bilma,NE,2020-01-04 20:08:24,18.69,12.92,49.51,34,0,3.24,clear sky,0.0,0.0
460,Ballina,IE,2020-01-04 20:08:24,54.11,-9.15,48.99,93,90,14.99,light intensity drizzle,0.0,0.0
461,Kupang,ID,2020-01-04 20:08:25,-10.16,123.6,83.79,79,98,27.09,light rain,2.75,0.0
462,Banjar,ID,2020-01-04 20:08:25,-7.37,108.54,73.89,95,80,1.23,broken clouds,0.0,0.0
463,Honiara,SB,2020-01-04 20:08:25,-9.43,159.96,77.0,94,75,3.36,broken clouds,0.0,0.0
464,Shahr-E Kord,IR,2020-01-04 20:04:49,32.33,50.85,41.0,52,40,16.11,scattered clouds,0.0,0.0
465,Matagami,NG,2020-01-04 20:08:26,9.67,8.4,67.08,28,69,6.29,broken clouds,0.0,0.0
466,Namerikawa,JP,2020-01-04 20:08:26,36.77,137.34,37.99,87,98,13.38,light snow,0.0,0.94
467,Kamenka,MD,2020-01-04 20:08:26,48.03,28.7,35.01,89,94,9.42,overcast clouds,0.0,0.0
468,Sinnai,IT,2020-01-04 20:08:27,39.3,9.2,55.4,87,20,8.05,few clouds,0.0,0.0
469,Codrington,AU,2020-01-04 20:08:27,-28.95,153.24,71.6,93,0,5.66,clear sky,0.0,0.0
470,Cururupu,BR,2020-01-04 20:10:43,-1.82,-44.87,76.77,91,100,2.42,light rain,3.0,0.0
471,Vrangel,RU,2020-01-04 20:08:27,42.73,133.08,24.01,66,0,21.27,clear sky,0.0,0.0
472,Nieuw Nickerie,SR,2020-01-04 20:08:28,5.94,-56.99,78.76,79,100,11.56,overcast clouds,0.0,0.0
473,Porto Novo,BR,2020-01-04 20:08:28,-23.68,-45.44,69.8,88,75,6.93,thunderstorm with heavy rain,0.0,0.0
474,Beringovskiy,RU,2020-01-04 20:08:28,63.05,179.32,-8.45,75,0,17.96,clear sky,0.0,0.0
475,Dzaoudzi,YT,2020-01-04 20:08:28,-12.79,45.27,78.8,88,100,5.82,overcast clouds,0.0,0.0
476,Muros,ES,2020-01-04 20:08:29,42.77,-9.06,52.0,100,0,4.7,clear sky,0.0,0.0
477,Aswan,EG,2020-01-04 20:08:29,24.09,32.9,47.93,56,0,10.71,clear sky,0.0,0.0
478,Agadir,MA,2020-01-04 20:08:29,30.42,-9.58,57.2,76,0,6.93,clear sky,0.0,0.0
479,Knysna,ZA,2020-01-04 20:08:30,-34.04,23.05,68.0,94,28,2.24,scattered clouds,0.0,0.0
480,Garden City,US,2020-01-04 20:08:30,43.62,-116.24,48.0,60,90,8.05,overcast clouds,0.0,0.0
481,Tonantins,BR,2020-01-04 20:08:30,-2.86,-67.77,85.66,68,91,2.37,light rain,0.44,0.0
482,Zharkent,KZ,2020-01-04 20:08:31,44.17,80.0,19.62,81,100,3.69,overcast clouds,0.0,0.0
483,Yerbogachen,RU,2020-01-04 20:08:31,61.28,108.01,-2.88,94,82,6.31,broken clouds,0.0,0.0
484,Yerazgavors,AM,2020-01-04 20:08:31,40.7,43.78,24.8,85,99,3.04,overcast clouds,0.0,0.0
485,Coquimbo,CL,2020-01-04 20:08:31,-29.95,-71.34,66.2,72,40,13.87,scattered clouds,0.0,0.0
486,Avera,US,2020-01-04 20:08:23,33.19,-82.53,68.0,55,90,6.93,overcast clouds,0.0,0.0
487,Nago,IT,2020-01-04 20:08:32,45.88,10.89,44.01,86,0,3.36,clear sky,0.0,0.0
488,Praia,BR,2020-01-04 20:08:32,-20.25,-43.81,77.0,73,75,3.36,broken clouds,0.0,0.0
489,Muisne,EC,2020-01-04 20:10:49,0.61,-80.02,84.2,79,75,11.41,broken clouds,0.0,0.0
490,Carnot,CF,2020-01-04 20:08:32,4.94,15.87,76.6,20,69,9.42,broken clouds,0.0,0.0
491,Inhambane,MZ,2020-01-04 20:07:15,-23.87,35.38,78.93,80,20,13.56,few clouds,0.0,0.0
492,Armizonskoye,RU,2020-01-04 20:08:33,55.95,67.67,16.02,94,100,12.88,overcast clouds,0.0,0.0
493,San Carlos De Bariloche,AR,2020-01-04 20:08:33,-41.13,-71.31,73.4,17,0,23.04,clear sky,0.0,0.0
494,Shasta Lake,US,2020-01-04 20:08:33,40.68,-122.36,55.0,70,1,2.44,clear sky,0.0,0.0
495,Bose,IT,2020-01-04 20:08:34,45.46,8.01,46.0,60,0,3.36,clear sky,0.0,0.0
496,Cleburne,US,2020-01-04 20:08:34,32.35,-97.39,63.0,33,1,4.7,clear sky,0.0,0.0
497,Kirakira,SB,2020-01-04 20:08:34,-10.46,161.92,80.55,84,63,10.96,light rain,0.19,0.0
498,Kalmunai,LK,2020-01-04 20:07:53,7.42,81.82,81.66,75,6,8.43,clear sky,0.0,0.0
499,Yaring,TH,2020-01-04 20:10:51,6.87,101.37,80.76,75,100,20.0,overcast clouds,0.0,0.0
500,Flagstaff,US,2020-01-04 20:05:01,35.2,-111.65,59.0,23,1,8.05,clear sky,0.0,0.0
501,Ust-Ilimsk,RU,2020-01-04 20:08:35,57.96,102.73,17.47,93,97,8.63,overcast clouds,0.0,0.0
502,Warrington,GB,2020-01-04 20:08:35,53.39,-2.59,45.0,87,40,5.82,scattered clouds,0.0,0.0
503,Oyotun,PE,2020-01-04 20:08:36,-6.85,-79.3,66.2,29,100,19.46,overcast clouds,0.0,0.0
504,Nalut,LY,2020-01-04 20:08:36,31.86,10.98,47.68,38,0,5.03,clear sky,0.0,0.0
505,Nambucca Heads,AU,2020-01-04 20:08:36,-30.64,152.99,71.6,83,0,10.29,clear sky,0.0,0.0
506,Trairi,BR,2020-01-04 20:08:36,-3.28,-39.27,79.65,68,97,4.43,overcast clouds,0.0,0.0
507,Dingle,PH,2020-01-04 20:08:37,11.0,122.67,71.56,94,4,10.02,light rain,0.13,0.0
508,Kenai,US,2020-01-04 20:08:37,60.55,-151.26,-0.99,75,1,8.7,clear sky,0.0,0.0
509,Orumiyeh,IR,2020-01-04 20:08:28,37.55,45.08,30.2,100,90,2.24,light snow,0.0,0.0
510,Calvinia,ZA,2020-01-04 20:08:37,-31.47,19.78,64.94,44,56,9.24,broken clouds,0.0,0.0
511,Vardo,US,2020-01-04 20:08:37,39.62,-77.74,57.2,71,90,12.75,light rain,0.0,0.0
512,Baculin,PH,2020-01-04 20:08:38,7.45,126.58,69.55,92,18,4.88,light rain,0.25,0.0
513,Yaan,NG,2020-01-04 20:08:38,7.38,8.57,75.11,23,30,6.02,scattered clouds,0.0,0.0
514,Mersing,MY,2020-01-04 20:08:38,2.43,103.84,79.63,82,94,18.3,light rain,0.19,0.0
515,Victor Harbor,AU,2020-01-04 20:08:39,-35.55,138.62,57.99,87,90,8.05,light rain,0.0,0.0
516,Saint-Ambroise,CA,2020-01-04 20:08:39,48.56,-71.32,24.8,79,90,9.17,light snow,0.0,0.0
517,Hobyo,SO,2020-01-04 20:06:05,5.35,48.53,77.72,81,0,14.45,clear sky,0.0,0.0
518,Nabire,ID,2020-01-04 20:08:39,-3.36,135.5,72.39,98,100,1.7,light rain,2.88,0.0
519,Constitucion,MX,2020-01-04 20:08:40,23.99,-104.67,55.99,25,5,3.36,clear sky,0.0,0.0
520,Sukumo,JP,2020-01-04 20:08:40,32.94,132.72,46.62,69,18,15.26,few clouds,0.0,0.0
521,Naze,NG,2020-01-04 20:08:40,5.43,7.07,78.8,57,100,4.7,smoke,0.0,0.0
522,Bisira,PA,2020-01-04 20:08:41,8.52,-81.71,76.71,64,90,8.34,overcast clouds,0.0,0.0
523,Puerto Del Rosario,ES,2020-01-04 20:08:41,28.5,-13.86,64.4,68,20,10.29,few clouds,0.0,0.0
524,Hailun,CN,2020-01-04 20:08:41,47.46,126.97,-7.37,97,18,6.85,few clouds,0.0,0.0
525,Fallon,US,2020-01-04 20:08:41,46.84,-105.12,42.01,60,1,11.41,clear sky,0.0,0.0
526,Monteagudo,BO,2020-01-04 20:08:41,-19.8,-63.96,89.6,40,40,3.56,scattered clouds,0.0,0.0
527,Mashhad,IR,2020-01-04 20:06:12,36.3,59.61,37.4,100,90,4.7,mist,0.0,0.0
528,Birjand,IR,2020-01-04 20:08:42,32.86,59.22,42.8,87,90,16.11,moderate rain,0.0,0.0
529,Oblivskaya,RU,2020-01-04 20:08:42,48.54,42.5,30.07,89,0,10.65,clear sky,0.0,0.0
530,Dali,CN,2020-01-04 20:08:42,34.79,109.94,34.5,94,100,23.04,snow,0.0,3.38
531,Tamboril,BR,2020-01-04 20:08:43,-4.83,-40.32,80.87,73,100,2.08,light rain,1.5,0.0
532,Cherdyn,RU,2020-01-04 20:08:43,60.4,56.48,29.41,95,100,7.7,light snow,0.0,0.19
533,Portland,US,2020-01-04 20:08:43,43.66,-70.25,39.99,80,90,6.93,light rain,0.0,0.0
534,Pustoshka,RU,2020-01-04 20:08:43,56.34,29.37,30.24,81,79,10.47,broken clouds,0.0,0.0
535,Norton,US,2020-01-04 20:08:44,41.97,-71.19,46.0,100,100,6.93,light rain,0.0,0.0
536,Mackay,CA,2020-01-04 20:08:44,53.65,-115.58,30.2,86,75,11.41,broken clouds,0.0,0.0
537,Tsnori,GE,2020-01-04 20:08:44,41.62,45.98,30.2,92,20,4.7,few clouds,0.0,0.0
538,Mitsamiouli,KM,2020-01-04 20:08:45,-11.38,43.28,81.81,79,100,5.91,overcast clouds,0.0,0.0
539,La Rioja,AR,2020-01-04 20:08:45,-29.41,-66.86,83.44,31,0,7.14,clear sky,0.0,0.0
540,Burnie,AU,2020-01-04 20:08:45,-41.05,145.91,55.0,70,100,5.01,overcast clouds,0.0,0.0
541,Tomatlan,MX,2020-01-04 20:08:45,19.93,-105.25,86.68,21,49,5.01,scattered clouds,0.0,0.0
542,Colomi,BO,2020-01-04 20:08:46,-17.34,-65.87,75.2,44,75,8.05,broken clouds,0.0,0.0
