City_ID,City,Country,Date,Lat,Lng,Max Temp,Humidity,Cloudiness,Wind Speed
0,Tuktoyaktuk,CA,2020-01-02 19:32:22,69.44,-133.03,-13.0,75,75,14.99
1,Avarua,CK,2020-01-02 19:31:37,-21.21,-159.78,77.0,73,83,2.24
2,Albany,US,2020-01-02 19:32:22,42.65,-73.75,45.0,52,20,6.93
3,Haines Junction,CA,2020-01-02 19:32:23,60.75,-137.51,-2.94,99,72,5.44
4,Flagstaff,US,2020-01-02 19:28:25,35.2,-111.65,52.0,37,1,14.99
5,Busselton,AU,2020-01-02 19:32:24,-33.64,115.35,50.0,55,0,15.21
6,Naze,NG,2020-01-02 19:32:24,5.43,7.07,77.0,50,0,7.0
7,Georgetown,GY,2020-01-02 19:32:24,6.8,-58.16,86.0,65,20,9.17
8,Trinidad,BO,2020-01-02 19:29:38,-14.83,-64.9,84.2,79,75,4.7
9,Pacific Grove,US,2020-01-02 19:32:03,36.62,-121.92,61.0,77,1,5.82
10,Belgaum,IN,2020-01-02 19:32:25,15.87,74.5,64.81,84,0,1.61
11,Buchanan,LR,2020-01-02 19:32:25,5.88,-10.05,80.6,83,20,3.6
12,Outjo,NA,2020-01-02 19:32:26,-20.11,16.16,71.6,83,50,1.12
13,Vao,EE,2020-01-02 19:32:26,59.1,26.19,37.09,89,15,12.93
14,Saint George,GR,2020-01-02 19:32:26,39.45,22.34,42.01,59,20,6.93
15,Khatanga,RU,2020-01-02 19:32:26,71.98,102.47,-6.59,98,100,1.81
16,Arraial Do Cabo,BR,2020-01-02 19:32:27,-22.97,-42.02,86.0,74,75,6.93
17,San Patricio,PY,2020-01-02 19:32:27,-26.98,-56.83,85.98,49,67,9.42
18,Baley,RU,2020-01-02 19:32:27,51.58,116.65,-12.35,94,0,3.89
19,Hermanus,ZA,2020-01-02 19:32:27,-34.42,19.24,66.99,77,0,10.0
20,Geraldton,CA,2020-01-02 19:32:28,49.72,-86.95,30.2,92,90,6.46
21,Hithadhoo,MV,2020-01-02 19:32:28,-0.6,73.08,82.69,78,0,13.13
22,Krasnoturansk,RU,2020-01-02 19:32:28,54.32,91.57,30.2,74,100,6.71
23,Imeni Poliny Osipenko,RU,2020-01-02 19:32:29,52.42,136.49,-7.17,94,100,2.48
24,Ushuaia,AR,2020-01-02 19:28:21,-54.81,-68.31,53.6,71,20,25.28
25,Eureka,US,2020-01-02 19:32:29,40.8,-124.16,52.0,81,1,4.7
26,Carnarvon,ZA,2020-01-02 19:32:29,-30.97,22.13,66.9,67,0,20.94
27,Te Anau,NZ,2020-01-02 19:32:30,-45.41,167.72,48.04,64,33,8.79
28,Fortuna,US,2020-01-02 19:32:30,40.6,-124.16,52.0,100,90,3.83
29,Chuy,UY,2020-01-02 19:31:54,-33.69,-53.46,71.82,73,52,11.9
30,Galle,GN,2020-01-02 19:32:31,10.08,-12.83,71.24,24,0,1.7
31,Neudorfl,AT,2020-01-02 19:32:31,47.78,16.28,32.0,86,20,4.7
32,Kapaa,US,2020-01-02 19:32:31,22.08,-159.32,75.2,78,40,5.82
33,Bad Waldsee,DE,2020-01-02 19:32:32,47.92,9.75,30.99,100,90,2.24
34,Bredasdorp,ZA,2020-01-02 19:32:32,-34.53,20.04,68.0,72,0,3.36
35,Pointe-Noire,CG,2020-01-02 19:32:32,-4.8,11.85,84.2,83,40,8.05
36,Dingle,PH,2020-01-02 19:31:46,11.0,122.67,73.06,93,100,10.71
37,Kodiak,US,2020-01-02 19:32:33,39.95,-94.76,52.0,57,1,3.36
38,Lianyuan,CN,2020-01-02 19:32:33,27.69,111.67,41.0,89,100,3.4
39,Vaini,IN,2020-01-02 19:32:33,15.34,74.49,63.45,92,0,1.28
40,Uhlove,UA,2020-01-02 19:32:34,44.82,33.6,37.29,66,33,4.05
41,Boa Vista,BR,2020-01-02 19:29:05,2.82,-60.67,91.4,36,40,13.87
42,Maragogi,BR,2020-01-02 19:32:35,-9.01,-35.22,80.64,82,10,11.34
43,Isangel,VU,2020-01-02 19:32:35,-19.55,169.27,62.6,93,13,4.7
44,Barrow,AR,2020-01-02 19:28:04,-38.31,-60.23,83.77,32,16,10.63
45,Cape Town,ZA,2020-01-02 19:32:27,-33.93,18.42,68.0,82,20,20.8
46,Mandalgovi,MN,2020-01-02 19:32:36,45.76,106.27,11.97,59,0,8.14
47,Punta Arenas,CL,2020-01-02 19:32:36,-53.16,-70.91,60.8,44,0,17.22
48,Fairbanks,US,2020-01-02 19:32:36,64.84,-147.72,-5.8,83,1,3.24
49,Mataura,NZ,2020-01-02 19:32:19,-46.19,168.86,48.99,83,64,17.0
50,Rikitea,PF,2020-01-02 19:32:21,-23.12,-134.97,79.07,75,100,6.73
51,Ahuimanu,US,2020-01-02 19:32:37,21.44,-157.84,78.01,88,90,3.36
52,Fort Saint James,CA,2020-01-02 19:32:37,54.43,-124.25,20.44,85,100,1.07
53,Dikson,RU,2020-01-02 19:32:37,73.51,80.55,-2.51,91,100,23.44
54,Butaritari,KI,2020-01-02 19:32:38,3.07,172.79,82.44,74,100,0.94
55,Hilo,US,2020-01-02 19:32:24,19.71,-155.08,80.6,44,1,4.7
56,Tasiilaq,GL,2020-01-02 19:32:39,65.61,-37.64,12.2,43,20,32.21
57,Jamestown,AU,2020-01-02 19:31:53,-33.21,138.6,75.13,16,49,15.99
58,Qaanaaq,GL,2020-01-02 19:32:30,77.48,-69.36,-40.41,64,2,5.86
59,Vostok,RU,2020-01-02 19:32:40,46.45,135.83,-9.76,97,100,7.58
60,Umm Lajj,SA,2020-01-02 19:32:40,25.02,37.27,59.04,61,0,1.77
61,Havre-Saint-Pierre,CA,2020-01-02 19:32:40,50.23,-63.6,26.6,73,90,14.99
62,Saint-Philippe,CA,2020-01-02 19:32:41,45.36,-73.48,39.2,80,75,10.29
63,Sturgeon Bay,US,2020-01-02 19:31:44,44.83,-87.38,43.0,75,1,12.75
64,Iquique,CL,2020-01-02 19:29:40,-20.22,-70.14,77.0,50,71,19.46
65,Hobart,AU,2020-01-02 19:32:41,-42.88,147.33,60.8,72,75,3.36
66,Parabel,RU,2020-01-02 19:32:42,58.71,81.5,27.48,95,100,9.57
67,Seoul,KR,2020-01-02 19:32:42,37.57,126.98,30.2,92,40,2.01
68,Morganton,US,2020-01-02 19:32:43,35.75,-81.69,48.0,87,40,7.16
69,Grand Gaube,MU,2020-01-02 19:32:43,-20.01,57.66,78.8,88,75,3.36
70,East London,ZA,2020-01-02 19:32:43,-33.02,27.91,71.6,88,75,10.29
71,Hasaki,JP,2020-01-02 19:32:43,35.73,140.83,35.6,80,20,3.36
72,Kirkwall,GB,2020-01-02 19:32:44,58.98,-2.96,42.8,93,93,17.22
73,Port Alfred,ZA,2020-01-02 19:32:25,-33.59,26.89,68.0,91,99,14.99
74,Klaksvik,FO,2020-01-02 19:32:44,62.23,-6.59,37.4,64,100,28.86
75,Guarapari,BR,2020-01-02 19:32:44,-20.67,-40.5,87.8,62,75,12.75
76,Laguna,BZ,2020-01-02 19:32:45,16.17,-88.94,84.2,74,20,9.17
77,Sal Rei,CV,2020-01-02 19:32:45,16.18,-22.92,75.2,60,100,14.99
78,Bathsheba,BB,2020-01-02 19:32:45,13.22,-59.52,84.2,58,40,17.22
79,Touros,BR,2020-01-02 19:32:45,-5.2,-35.46,86.0,62,75,16.11
80,Gigmoto,PH,2020-01-02 19:32:45,13.78,124.39,80.22,80,100,26.93
81,Bambous Virieux,MU,2020-01-02 19:32:46,-20.34,57.76,78.8,88,75,3.36
82,Cidreira,BR,2020-01-02 19:32:46,-30.17,-50.22,73.78,76,54,23.62
83,New Norfolk,AU,2020-01-02 19:32:46,-42.78,147.06,60.8,72,75,3.36
84,Torbay,CA,2020-01-02 19:32:46,47.66,-52.73,34.0,83,90,17.22
85,Atuona,PF,2020-01-02 19:32:47,-9.8,-139.03,80.65,78,0,13.53
86,Aksarka,RU,2020-01-02 19:32:47,66.56,67.8,-2.56,92,6,9.95
87,Pontes E Lacerda,BR,2020-01-02 19:32:47,-15.23,-59.33,80.56,91,100,3.87
88,Port Hedland,AU,2020-01-02 19:32:33,-20.31,118.58,80.6,78,33,3.36
89,Airai,TL,2020-01-02 19:32:48,-8.93,125.41,67.78,96,100,1.77
90,Abha,SA,2020-01-02 19:32:48,18.22,42.5,60.8,38,0,0.76
91,Broome,GB,2020-01-02 19:32:48,52.47,1.45,51.01,81,75,14.99
92,Ribeira Grande,PT,2020-01-02 19:32:30,38.52,-28.7,57.2,67,20,8.05
93,Mulege,MX,2020-01-02 19:32:49,26.88,-111.98,66.04,49,0,6.44
94,Tiksi,RU,2020-01-02 19:32:50,71.64,128.87,-19.61,61,0,3.69
95,Beringovskiy,RU,2020-01-02 19:32:50,63.05,179.32,-11.9,81,0,14.7
96,Mar Del Plata,AR,2020-01-02 19:28:04,-46.43,-67.52,88.34,18,46,20.27
97,Pevek,RU,2020-01-02 19:32:50,69.7,170.27,2.08,62,100,13.33
98,Sile,US,2020-01-02 19:32:50,35.56,-106.37,37.99,79,90,20.8
99,Saint-Joseph,FR,2020-01-02 19:32:51,43.56,6.97,48.2,87,100,4.7
100,Kavieng,PG,2020-01-02 19:31:25,-2.57,150.8,82.98,74,35,3.98
101,Asheboro,US,2020-01-02 19:28:50,35.71,-79.81,53.01,66,90,6.93
102,Nurota,UZ,2020-01-02 19:32:51,40.56,65.69,33.8,88,100,6.93
103,Cabo San Lucas,MX,2020-01-02 19:31:43,22.89,-109.91,73.0,47,0,8.99
104,Kahului,US,2020-01-02 19:32:52,20.89,-156.47,75.2,69,40,8.16
105,Nago,IT,2020-01-02 19:32:52,45.88,10.89,42.01,100,0,1.12
106,Harlingen,NL,2020-01-02 19:32:53,53.18,5.41,43.0,93,90,17.22
107,Saint-Augustin,CA,2020-01-02 19:32:53,45.63,-73.98,39.0,94,75,2.24
108,Markova,RU,2020-01-02 19:32:53,52.21,104.21,14.0,85,98,6.71
109,Komsomolskiy,RU,2020-01-02 19:32:54,67.55,63.78,1.62,95,99,11.7
110,Castro,CL,2020-01-02 19:32:54,-42.48,-73.76,75.2,57,40,8.05
111,Waddan,LY,2020-01-02 19:32:54,29.16,16.14,49.42,66,10,7.27
112,Homa Bay,KE,2020-01-02 19:32:55,-0.53,34.45,73.4,78,40,8.05
113,Bluff,AU,2020-01-02 19:32:55,-23.58,149.07,75.74,78,20,13.06
114,Zhigansk,RU,2020-01-02 19:32:55,66.77,123.37,-33.75,92,0,8.99
115,Nuuk,GL,2020-01-02 19:32:40,64.17,-51.74,24.8,68,75,8.05
116,Meulaboh,ID,2020-01-02 19:32:27,4.14,96.13,80.49,78,98,6.91
117,Delvine,AL,2020-01-02 19:32:56,39.95,20.1,48.99,56,13,2.24
118,Ponta Do Sol,BR,2020-01-02 19:32:22,-20.63,-46.0,74.89,82,100,2.91
119,Bagdarin,RU,2020-01-02 19:32:57,54.44,113.59,-2.45,84,100,3.0
120,Chokurdakh,RU,2020-01-02 19:32:21,70.62,147.9,-24.57,94,0,3.04
121,Tuatapere,NZ,2020-01-02 19:32:58,-46.13,167.69,48.99,83,53,17.0
122,Jimeta,NG,2020-01-02 19:32:58,9.28,12.44,69.17,26,40,8.3
123,Souillac,FR,2020-01-02 19:32:21,45.6,-0.6,46.0,93,100,8.05
124,Sertanopolis,BR,2020-01-02 19:32:58,-23.06,-51.04,87.8,52,75,11.41
125,Amurzet,CN,2020-01-02 19:32:59,47.69,131.09,-2.97,84,0,9.1
126,Conde,BR,2020-01-02 19:28:13,-11.81,-37.61,80.74,80,100,14.76
127,Nanortalik,GL,2020-01-02 19:32:20,60.14,-45.24,29.64,35,100,5.66
128,Marawi,PH,2020-01-02 19:32:59,8.0,124.29,75.0,91,100,3.0
129,Tautira,PF,2020-01-02 19:32:41,-17.73,-149.15,86.0,66,75,13.87
130,Mount Isa,AU,2020-01-02 19:32:29,-20.73,139.49,78.8,74,100,2.24
131,Hambantota,LK,2020-01-02 19:33:00,6.12,81.12,77.0,100,20,4.7
132,Atbasar,KZ,2020-01-02 19:33:00,51.81,68.36,28.98,94,100,12.68
133,Samarai,PG,2020-01-02 19:33:01,-10.62,150.67,77.76,84,73,2.28
134,Vila Velha,BR,2020-01-02 19:33:01,-3.71,-38.6,86.0,78,75,9.17
135,Bani,YE,2020-01-02 19:33:01,16.02,42.93,79.2,79,0,2.08
136,Radhan,PK,2020-01-02 19:33:01,27.18,67.95,53.56,32,60,5.59
137,Huarmey,PE,2020-01-02 19:33:01,-10.07,-78.15,78.42,54,79,10.74
138,Honiara,SB,2020-01-02 19:33:02,-9.43,159.96,73.4,100,20,4.7
139,Tazovskiy,RU,2020-01-02 19:33:02,67.47,78.7,-0.8,91,100,11.5
140,Libenge,CD,2020-01-02 19:33:02,3.65,18.64,74.62,26,53,4.45
141,Katsuura,JP,2020-01-02 19:32:19,33.93,134.5,48.0,75,75,4.7
142,Buin,CL,2020-01-02 19:33:04,-33.73,-70.74,87.8,27,0,8.05
143,Bagan,RU,2020-01-02 19:33:04,54.1,77.67,21.58,91,100,16.44
144,Prokuplje,RS,2020-01-02 19:33:04,43.23,21.59,30.2,86,0,3.36
145,Umba,RU,2020-01-02 19:33:04,66.69,34.34,36.05,96,100,24.45
146,Poum,MK,2020-01-02 19:32:26,41.28,20.71,32.0,50,20,4.7
147,Paamiut,GL,2020-01-02 19:33:05,61.99,-49.67,25.9,43,100,9.66
148,Brae,GB,2020-01-02 19:33:05,60.4,-1.35,42.8,93,100,20.8
149,Nikolskoye,RU,2020-01-02 19:33:05,59.7,30.79,41.0,80,90,15.66
150,Kysyl-Syr,RU,2020-01-02 19:33:06,63.9,122.77,-33.38,94,0,4.18
151,Katangli,RU,2020-01-02 19:33:06,51.71,143.23,1.29,95,100,5.19
152,Lagoa,PT,2020-01-02 19:33:06,37.14,-8.45,60.01,82,75,6.93
153,Esperance,AU,2020-01-02 19:33:06,-33.86,121.89,60.8,82,75,12.75
154,Nueve De Julio,AR,2020-01-02 19:33:06,-31.67,-68.39,93.79,25,0,5.99
155,Sasovo,RU,2020-01-02 19:33:07,54.35,41.93,32.52,97,100,8.5
156,San Cristobal,HN,2020-01-02 19:33:07,14.68,-86.92,81.32,33,10,7.07
157,Shimoda,JP,2020-01-02 19:33:07,34.7,138.93,36.0,88,0,28.99
158,Ust-Omchug,RU,2020-01-02 19:33:08,61.13,149.63,3.18,96,100,11.18
159,Provideniya,RU,2020-01-02 19:33:08,64.42,-173.23,-12.64,79,0,8.88
160,Roebourne,AU,2020-01-02 19:33:08,-20.77,117.15,82.4,64,99,6.04
161,Mount Gambier,AU,2020-01-02 19:33:08,-37.83,140.78,51.8,93,86,5.82
162,Petropavlovsk-Kamchatskiy,RU,2020-01-02 19:30:45,53.05,158.65,10.4,72,75,6.71
163,Shelburne,CA,2020-01-02 19:33:09,44.08,-80.2,43.0,60,90,13.87
164,Iracoubo,GF,2020-01-02 19:33:09,5.48,-53.21,80.04,72,57,12.46
165,Altay,CN,2020-01-02 19:33:09,47.83,88.13,15.67,66,0,6.11
166,Tandil,AR,2020-01-02 19:33:10,-37.33,-59.14,75.22,53,59,13.33
167,Severo-Kurilsk,RU,2020-01-02 19:32:35,50.68,156.12,15.35,90,26,5.01
168,Gat,SN,2020-01-02 19:33:10,14.69,-16.54,84.2,23,96,11.05
169,Klyuchi,RU,2020-01-02 19:33:10,52.25,79.17,18.36,81,99,10.33
170,Riyadh,SA,2020-01-02 19:28:15,24.63,46.72,66.2,45,7,5.82
171,Yellowknife,CA,2020-01-02 19:30:16,62.45,-114.38,8.6,84,90,8.05
172,Kruisfontein,ZA,2020-01-02 19:33:11,-34.0,24.73,67.21,85,85,8.41
173,Severnoye,RU,2020-01-02 19:33:11,54.09,52.54,1.96,95,0,5.48
174,Caravelas,BR,2020-01-02 19:33:12,-17.73,-39.27,78.8,81,100,14.38
175,Sibolga,ID,2020-01-02 19:33:12,1.74,98.78,72.18,93,100,2.24
176,Kununurra,AU,2020-01-02 19:32:34,-15.77,128.74,82.4,83,100,3.36
177,Kofele,ET,2020-01-02 19:33:13,7.07,38.78,51.96,91,0,7.65
178,Camacha,PT,2020-01-02 19:33:13,33.08,-16.33,66.2,68,20,11.41
179,Mwene-Ditu,CD,2020-01-02 19:33:13,-7.01,23.45,68.52,97,100,3.22
180,Stonewall,CA,2020-01-02 19:33:13,50.13,-97.33,21.0,85,75,17.22
181,Faanui,PF,2020-01-02 19:33:14,-16.48,-151.75,81.54,77,100,10.31
182,Sao Filipe,CV,2020-01-02 19:32:22,14.9,-24.5,71.02,71,100,15.68
183,Kaeo,NZ,2020-01-02 19:33:14,-35.1,173.78,64.99,83,3,4.0
184,Hamilton,CA,2020-01-02 19:30:04,43.26,-79.87,46.99,69,75,16.11
185,Namatanai,PG,2020-01-02 19:32:38,-3.66,152.44,82.31,77,0,3.67
186,Nuevo Progreso,US,2020-01-02 19:32:34,26.05,-97.95,69.01,77,90,9.17
187,Pucara,BO,2020-01-02 19:33:15,-21.7,-64.2,91.4,53,75,13.87
188,Kambove,CD,2020-01-02 19:33:15,-10.88,26.6,63.72,93,100,1.43
189,Bethel,US,2020-01-02 19:33:16,60.79,-161.76,-13.0,75,1,8.05
190,Kirakira,SB,2020-01-02 19:33:16,-10.46,161.92,79.75,79,0,4.12
191,Denpasar,ID,2020-01-02 19:31:38,-8.65,115.22,80.6,94,75,16.11
192,Saint-Leu,RE,2020-01-02 19:33:16,-21.15,55.28,78.8,78,90,3.36
193,Baruun-Urt,MN,2020-01-02 19:33:17,46.68,113.28,3.87,81,0,8.81
194,Constitucion,MX,2020-01-02 19:33:17,23.99,-104.67,53.6,37,40,24.16
195,Sitka,US,2020-01-02 19:33:17,37.17,-99.65,50.0,50,100,17.0
196,Rupert,US,2020-01-02 19:33:18,42.62,-113.68,37.4,69,1,20.8
197,Saldanha,PT,2020-01-02 19:33:18,41.42,-6.55,39.42,81,100,2.84
198,Kidal,ML,2020-01-02 19:32:21,18.44,1.41,53.13,23,0,13.94
199,Marfino,RU,2020-01-02 19:33:18,56.07,37.56,37.0,95,90,11.18
200,Norman Wells,CA,2020-01-02 19:33:19,65.28,-126.83,-4.0,76,90,13.87
201,Alofi,NU,2020-01-02 19:32:21,-19.06,-169.92,76.87,69,0,10.07
202,Port Elizabeth,US,2020-01-02 19:33:19,39.31,-74.98,54.0,53,1,10.29
203,Kanigoro,ID,2020-01-02 19:33:19,-8.13,112.22,73.4,88,33,1.99
204,Muros,ES,2020-01-02 19:33:20,42.77,-9.06,55.99,87,90,9.17
205,Gazojak,TM,2020-01-02 19:33:20,41.19,61.4,39.65,65,62,5.44
206,Xining,CN,2020-01-02 19:29:03,36.62,101.77,16.68,84,40,0.6
207,Ancud,CL,2020-01-02 19:33:21,-41.87,-73.83,75.2,57,0,8.05
208,Xingyi,CN,2020-01-02 19:33:21,24.19,102.82,50.13,97,88,3.76
209,Puerto Ayora,EC,2020-01-02 19:32:23,-0.74,-90.35,82.4,65,75,11.41
210,Kinablangan,PH,2020-01-02 19:33:21,7.69,126.55,71.83,94,100,4.52
211,Kamenka,MD,2020-01-02 19:33:22,48.03,28.7,28.0,87,95,7.67
212,Huasahuasi,PE,2020-01-02 19:33:22,-11.27,-75.65,49.33,79,95,9.28
213,Foki,RU,2020-01-02 19:33:22,56.69,54.35,-0.22,98,66,5.23
214,Saskylakh,RU,2020-01-02 19:33:22,71.97,114.09,-17.03,91,11,8.08
215,Urengoy,RU,2020-01-02 19:33:23,65.96,78.37,-4.58,94,100,8.37
216,Husavik,CA,2020-01-02 19:33:23,50.56,-96.99,18.0,91,73,3.0
217,Wattegama,LK,2020-01-02 19:33:23,7.35,80.68,70.09,96,0,2.51
218,Qasigiannguit,GL,2020-01-02 19:33:23,68.82,-51.19,8.6,78,75,20.8
219,Narsaq,GL,2020-01-02 19:33:24,60.91,-46.05,15.8,56,75,2.24
220,Atar,MR,2020-01-02 19:33:24,20.52,-13.05,59.34,14,100,11.65
221,Pisco,PE,2020-01-02 19:32:22,-13.71,-76.2,75.0,30,20,11.41
222,San Jeronimo,PE,2020-01-02 19:33:24,-13.65,-73.37,37.4,100,90,13.87
223,Victoria,BN,2020-01-02 19:33:25,5.28,115.24,80.6,83,75,3.36
224,Sungaipenuh,ID,2020-01-02 19:33:25,-2.08,101.38,60.57,98,73,2.8
225,Karratha,AU,2020-01-02 19:33:25,-20.74,116.85,83.55,72,100,9.44
226,Byron Bay,AU,2020-01-02 19:30:02,-28.65,153.62,71.01,93,75,1.16
227,Madison,US,2020-01-02 19:33:26,43.07,-89.38,46.99,61,1,11.41
228,Sola,TZ,2020-01-02 19:33:26,-3.17,33.8,67.37,82,73,4.23
229,Praia,BR,2020-01-02 19:33:26,-20.25,-43.81,73.4,88,40,4.7
230,Kloulklubed,PW,2020-01-02 19:33:26,7.04,134.26,80.6,74,75,10.29
231,Hualmay,PE,2020-01-02 19:33:27,-11.1,-77.61,76.41,61,52,9.64
232,Kavkazskaya,RU,2020-01-02 19:33:27,45.45,40.67,32.0,95,99,5.19
233,Matara,BI,2020-01-02 19:33:27,-3.48,29.48,59.76,90,100,3.56
234,Pemberton,AU,2020-01-02 19:33:28,-34.44,116.03,48.99,92,0,3.44
235,Nyurba,RU,2020-01-02 19:33:28,63.29,118.35,-10.59,98,100,3.27
236,Upernavik,GL,2020-01-02 19:33:28,72.79,-56.15,-1.01,59,100,16.42
237,Abonnema,NG,2020-01-02 19:33:28,4.71,6.79,77.0,50,71,3.27
238,Gamba,CN,2020-01-02 19:33:28,28.28,88.52,7.74,62,67,3.56
239,Rawson,AR,2020-01-02 19:33:29,-43.3,-65.11,95.0,26,40,13.87
240,Aswan,EG,2020-01-02 19:33:29,24.09,32.9,60.8,31,71,14.99
241,Hami,CN,2020-01-02 19:33:29,42.84,93.51,17.53,56,0,0.78
242,Rorvik,NO,2020-01-02 19:33:30,64.86,11.24,48.0,81,75,34.45
243,Novyy Urengoy,RU,2020-01-02 19:33:30,66.08,76.63,-3.33,94,100,8.63
244,Sinyavino,RU,2020-01-02 19:33:30,59.91,31.07,41.0,80,90,15.66
245,Cowansville,CA,2020-01-02 19:33:30,45.21,-72.74,37.99,74,40,8.05
246,Alice Springs,AU,2020-01-02 19:32:36,-23.7,133.88,89.6,21,14,8.05
247,Tongliao,CN,2020-01-02 19:33:31,43.61,122.27,7.92,79,0,7.05
248,Vardo,US,2020-01-02 19:32:29,39.62,-77.74,52.0,45,1,5.82
249,Kangaatsiaq,GL,2020-01-02 19:33:32,68.31,-53.46,10.87,96,100,16.06
250,Simao,CN,2020-01-02 19:33:32,22.76,100.79,52.12,96,100,1.28
251,Ulety,RU,2020-01-02 19:33:32,51.36,112.48,0.93,88,99,4.34
252,Ushtobe,KZ,2020-01-02 19:33:32,45.25,77.98,23.25,57,0,0.65
253,Talnakh,RU,2020-01-02 19:33:33,69.49,88.39,-2.2,77,100,17.9
254,Mahebourg,MU,2020-01-02 19:33:33,-20.41,57.7,78.8,88,75,3.36
255,Chahal,GT,2020-01-02 19:33:33,15.75,-89.57,83.68,53,0,4.03
256,Teguise,ES,2020-01-02 19:33:33,29.06,-13.56,60.8,41,100,9.17
257,Kavaratti,IN,2020-01-02 19:33:33,10.57,72.64,81.46,81,62,13.96
258,Valdivia,CL,2020-01-02 19:33:34,-39.81,-73.25,86.0,37,0,6.93
259,Portland,US,2020-01-02 19:32:04,43.66,-70.25,39.99,59,40,8.05
260,San Quintin,PH,2020-01-02 19:32:35,17.54,120.52,66.36,81,12,5.73
261,Leh,IN,2020-01-02 19:33:35,34.16,77.58,-1.16,43,36,2.42
262,Tezu,IN,2020-01-02 19:33:35,27.93,96.16,55.99,93,100,1.54
263,Okato,NZ,2020-01-02 19:33:35,-39.19,173.88,63.0,82,10,15.01
264,Gimli,CA,2020-01-02 19:30:04,50.63,-96.99,18.0,91,73,3.0
265,Teguldet,RU,2020-01-02 19:33:36,57.31,88.17,27.57,95,100,11.1
266,Yarmouth,CA,2020-01-02 19:33:36,43.84,-66.12,37.99,64,75,14.99
267,Longyearbyen,NO,2020-01-02 19:33:36,78.22,15.63,5.0,54,0,13.87
268,Manokwari,ID,2020-01-02 19:33:37,-0.87,134.08,74.57,81,100,2.75
269,Lorengau,PG,2020-01-02 19:33:37,-2.02,147.27,84.51,72,100,5.86
270,Iqaluit,CA,2020-01-02 19:28:50,63.75,-68.52,10.4,85,90,3.36
271,Half Moon Bay,US,2020-01-02 19:33:37,37.46,-122.43,60.01,76,1,10.29
272,Tsogni,GA,2020-01-02 19:33:38,-2.79,10.1,81.95,83,100,4.88
273,Lazaro Cardenas,MX,2020-01-02 19:33:38,28.39,-105.62,53.6,30,90,8.05
274,Iberia,PE,2020-01-02 19:33:38,-11.41,-69.49,71.78,99,100,0.34
275,Sur,OM,2020-01-02 19:33:38,22.57,59.53,69.19,59,73,8.57
276,Huainan,CN,2020-01-02 19:33:38,32.59,117.01,43.09,83,100,3.96
277,Kromeriz,CZ,2020-01-02 19:33:39,49.3,17.39,30.0,92,0,4.36
278,Ahipara,NZ,2020-01-02 19:32:38,-35.17,173.16,64.0,100,51,1.01
279,Shingu,JP,2020-01-02 19:33:39,33.72,135.99,48.79,75,0,14.52
280,Lebu,ET,2020-01-02 19:32:33,8.96,38.73,62.6,63,20,11.41
281,Omsk,RU,2020-01-02 19:33:40,54.99,73.37,33.8,98,75,13.42
282,Mayo,CA,2020-01-02 19:33:40,63.59,-135.9,6.8,71,40,6.93
283,Port Blair,IN,2020-01-02 19:29:00,11.67,92.75,81.5,76,0,11.34
284,Vitim,RU,2020-01-02 19:33:41,59.44,112.57,9.09,95,100,7.29
285,Montmagny,FR,2020-01-02 19:33:41,48.97,2.34,50.0,87,90,11.41
286,Sangar,RU,2020-01-02 19:33:41,63.92,127.47,-35.09,95,96,0.54
287,Cherskiy,RU,2020-01-02 19:33:42,68.75,161.3,-2.43,70,9,12.24
288,Nome,US,2020-01-02 19:33:42,30.04,-94.42,68.0,100,90,3.36
289,Ayagoz,KZ,2020-01-02 19:33:42,47.96,80.43,12.58,74,0,3.67
290,Mazatlan,MX,2020-01-02 19:32:22,23.22,-106.42,73.99,60,20,4.7
291,Basco,US,2020-01-02 19:33:43,40.33,-91.2,53.6,70,1,9.17
292,Iskateley,RU,2020-01-02 19:33:43,67.68,53.15,10.06,94,100,18.86
293,Taoudenni,ML,2020-01-02 19:33:20,22.68,-3.98,57.43,23,100,11.83
294,Taltal,CL,2020-01-02 19:33:44,-25.41,-70.49,66.06,69,100,7.74
295,Saint-Francois,FR,2020-01-02 19:33:44,46.42,3.91,37.4,100,99,3.0
296,Terney,RU,2020-01-02 19:33:44,45.05,136.61,2.16,79,0,7.05
297,Stryn,NO,2020-01-02 19:33:44,61.9,6.72,44.6,81,75,8.05
298,Itarantim,BR,2020-01-02 19:33:45,-15.65,-40.06,74.17,92,100,5.03
299,Dvinskoy,RU,2020-01-02 19:33:45,62.16,45.12,34.23,97,100,9.71
300,Cianorte,BR,2020-01-02 19:33:45,-23.66,-52.61,80.6,74,40,11.41
301,Pangnirtung,CA,2020-01-02 19:32:29,66.15,-65.72,6.8,77,90,4.7
302,Aklavik,CA,2020-01-02 19:32:38,68.22,-135.01,-11.2,76,90,9.17
303,Nemuro,JP,2020-01-02 19:33:46,43.32,145.57,28.04,62,0,21.83
304,Swift Current,CA,2020-01-02 19:33:46,50.29,-107.8,28.4,100,90,5.82
305,Ilhabela,BR,2020-01-02 19:29:21,-23.78,-45.36,78.75,83,87,7.18
306,Ferrol,ES,2020-01-02 19:33:47,43.48,-8.23,55.0,81,40,9.17
307,Makakilo City,US,2020-01-02 19:33:47,21.35,-158.09,78.01,69,1,3.36
308,Kasempa,ZM,2020-01-02 19:33:47,-13.46,25.83,66.47,94,100,4.85
309,Ostrovnoy,RU,2020-01-02 19:33:47,68.05,39.51,28.85,94,100,16.84
310,La Seyne-Sur-Mer,FR,2020-01-02 19:33:48,43.1,5.88,53.01,81,90,2.24
311,Labuhan,ID,2020-01-02 19:33:48,-2.54,115.51,72.88,95,67,1.25
312,Guerrero Negro,MX,2020-01-02 19:33:48,27.97,-114.04,63.84,61,0,11.7
313,Gobabis,NA,2020-01-02 19:33:48,-22.45,18.97,74.3,64,94,9.84
314,Kaitangata,NZ,2020-01-02 19:32:24,-46.28,169.85,54.0,61,82,15.01
315,Sept-Iles,CA,2020-01-02 19:33:49,50.2,-66.38,26.6,58,20,16.11
316,Clyde River,CA,2020-01-02 19:32:37,70.47,-68.59,-5.8,83,90,6.93
317,Nong Phai,TH,2020-01-02 19:33:50,16.0,101.06,70.7,66,0,4.47
318,Talpa,MX,2020-01-02 19:33:50,28.83,-111.63,68.0,42,5,5.82
319,Hihya,EG,2020-01-02 19:33:50,30.67,31.59,55.4,50,0,12.75
320,Pionerskiy,RU,2020-01-02 19:33:50,61.2,62.86,-3.1,93,0,4.45
321,Srisailam,IN,2020-01-02 19:33:51,16.07,78.87,67.84,99,57,3.24
322,Atasu,KZ,2020-01-02 19:33:51,48.68,71.64,27.16,94,100,9.51
323,Omsukchan,RU,2020-01-02 19:33:51,62.53,155.8,9.16,95,100,7.9
324,Filadelfia,PY,2020-01-02 19:33:52,-22.35,-60.04,97.11,23,0,15.1
325,Zhezkazgan,KZ,2020-01-02 19:33:52,47.8,67.71,23.99,96,92,10.04
326,Margate,AU,2020-01-02 19:33:52,-43.03,147.26,60.8,72,75,3.36
327,Kalmunai,LK,2020-01-02 19:33:53,7.42,81.82,82.04,77,3,12.41
328,Rocha,UY,2020-01-02 19:33:53,-34.48,-54.34,69.96,68,71,14.03
329,Tema,GH,2020-01-02 19:33:53,5.66,-0.01,82.98,57,24,6.15
330,Cairns,AU,2020-01-02 19:31:06,-16.92,145.77,75.2,88,75,6.93
331,Mackay,CA,2020-01-02 19:32:34,53.65,-115.58,26.6,53,75,20.8
332,Lata,IN,2020-01-02 19:33:54,30.78,78.62,11.08,92,100,6.31
333,Cap Malheureux,MU,2020-01-02 19:33:54,-19.98,57.61,78.8,88,75,3.36
334,Lompoc,US,2020-01-02 19:31:02,34.64,-120.46,71.01,52,1,13.87
335,Oytal,KZ,2020-01-02 19:33:55,42.91,73.27,25.61,68,100,4.14
336,Leningradskiy,RU,2020-01-02 19:33:55,69.38,178.42,-11.16,82,0,13.96
337,Luena,AO,2020-01-02 19:33:55,-11.78,19.91,66.42,94,100,4.85
338,Araouane,ML,2020-01-02 19:33:56,18.9,-3.53,57.78,19,0,10.2
339,Oyama,JP,2020-01-02 19:33:56,36.31,139.8,39.0,80,20,2.24
340,Erenhot,CN,2020-01-02 19:33:56,43.65,111.97,13.46,70,0,7.65
341,San Jose,HN,2020-01-02 19:33:56,14.25,-87.96,87.8,38,1,6.93
342,Chaoyang,CN,2020-01-02 19:33:57,41.58,120.44,13.91,75,0,4.25
343,Vaitape,PF,2020-01-02 19:33:57,-16.52,-151.75,81.54,77,100,10.31
344,Rassvet,RU,2020-01-02 19:33:57,49.11,45.47,29.17,65,96,9.75
345,Pucallpa,PE,2020-01-02 19:33:57,-8.38,-74.54,35.6,100,75,2.24
346,Stokmarknes,NO,2020-01-02 19:33:58,68.56,14.91,43.0,75,75,18.34
347,Saint Anthony,US,2020-01-02 19:33:58,43.97,-111.68,30.0,86,90,11.41
348,Vila Franca Do Campo,PT,2020-01-02 19:33:58,37.72,-25.43,57.2,71,20,6.93
349,Vysokogornyy,RU,2020-01-02 19:33:58,50.1,139.13,-12.1,99,100,3.85
350,Aksehir,TR,2020-01-02 19:33:58,38.36,31.42,32.43,88,100,3.29
351,Mayumba,GA,2020-01-02 19:33:59,-3.44,10.65,81.9,84,100,3.24
352,Mounana,GA,2020-01-02 19:33:59,-1.38,13.16,82.4,88,40,2.24
353,Oktyabrskoye,RU,2020-01-02 19:33:59,56.73,85.44,32.0,88,20,20.13
354,Dewas,IN,2020-01-02 19:33:59,22.96,76.05,57.2,100,90,6.93
355,Kumbo,CM,2020-01-02 19:34:00,6.21,10.69,63.77,37,100,5.23
356,Daru,PG,2020-01-02 19:34:00,-9.07,143.21,75.58,82,96,1.41
357,Orgtrud,RU,2020-01-02 19:34:00,56.18,40.61,33.01,97,100,6.44
358,Kiyasovo,RU,2020-01-02 19:34:01,56.35,53.12,17.01,90,35,6.78
359,Khorixas,NA,2020-01-02 19:34:01,-20.37,14.96,79.0,33,63,10.94
360,Slobodskoy,RU,2020-01-02 19:34:01,58.73,50.18,14.67,92,99,10.04
361,Coquimbo,CL,2020-01-02 19:30:30,-29.95,-71.34,66.2,63,20,13.87
362,Rabo De Peixe,PT,2020-01-02 19:34:02,37.8,-25.58,57.2,71,20,6.93
363,Abu Samrah,SY,2020-01-02 19:34:02,35.3,37.18,47.66,90,99,11.18
364,Mahanoro,MG,2020-01-02 19:34:03,-19.9,48.8,79.61,84,100,19.04
365,Persianovskiy,RU,2020-01-02 19:34:03,47.51,40.11,28.4,86,100,8.95
366,Brookings,US,2020-01-02 19:29:51,44.31,-96.8,33.8,86,90,16.11
367,Zholymbet,KZ,2020-01-02 19:34:03,51.74,71.71,26.94,94,98,20.24
368,Novobirilyussy,RU,2020-01-02 19:34:04,56.95,90.69,27.93,95,100,10.76
369,Wote,KE,2020-01-02 19:34:04,-1.78,37.63,63.52,94,100,2.59
370,Tura,RU,2020-01-02 19:34:04,64.27,100.22,-3.17,93,95,5.1
371,Luderitz,NA,2020-01-02 19:34:04,-26.65,15.16,69.8,68,0,28.86
372,Muromtsevo,RU,2020-01-02 19:34:05,56.37,75.24,29.23,92,100,10.02
373,Kokoda,PG,2020-01-02 19:34:05,-8.88,147.74,65.44,88,53,0.87
374,Goderich,CA,2020-01-02 19:31:37,43.74,-81.71,42.01,75,33,3.0
375,Quatre Cocos,MU,2020-01-02 19:34:06,-20.21,57.76,78.8,88,75,3.36
376,Sovetskiy,RU,2020-01-02 19:34:06,56.76,48.47,12.47,96,95,10.6
377,Kargasok,RU,2020-01-02 19:34:06,59.06,80.87,23.97,97,100,3.74
378,Faya,SA,2020-01-02 19:34:06,18.39,42.45,60.8,38,0,3.69
379,Erdenet,MN,2020-01-02 19:34:07,49.03,104.04,4.33,70,0,3.83
380,Dekar,BW,2020-01-02 19:34:07,-21.53,21.93,81.19,53,46,5.7
381,Cayenne,GF,2020-01-02 19:34:08,4.94,-52.33,84.2,62,75,11.41
382,Wynyard,AU,2020-01-02 19:34:08,-40.99,145.73,51.01,75,29,11.01
383,Fare,PF,2020-01-02 19:34:09,-16.7,-151.02,81.66,79,96,13.38
384,Sulangan,PH,2020-01-02 19:34:09,11.14,123.72,80.87,79,99,18.07
385,Bolshevik,BY,2020-01-02 19:34:09,54.01,27.57,33.8,86,75,6.71
386,Oshnaviyeh,IR,2020-01-02 19:34:09,37.04,45.1,26.6,73,0,6.93
387,Kimbe,PG,2020-01-02 19:34:10,-5.56,150.15,78.17,86,12,2.8
388,Thompson,CA,2020-01-02 19:32:29,55.74,-97.86,5.0,84,75,1.66
389,Casper,US,2020-01-02 19:33:46,42.87,-106.31,37.0,80,90,16.11
390,Gijon,ES,2020-01-02 19:34:10,43.54,-5.66,48.0,87,100,3.36
391,Quijingue,BR,2020-01-02 19:34:11,-10.75,-39.21,82.87,61,100,3.56
392,Mandiana,GN,2020-01-02 19:34:11,10.62,-8.7,69.57,16,0,3.96
393,Fasa,IR,2020-01-02 19:34:11,28.94,53.65,44.6,75,97,2.84
394,San Juan,AR,2020-01-02 19:34:12,-31.54,-68.53,93.79,25,0,5.99
395,Rio Grande,BR,2020-01-02 19:32:02,-32.03,-52.1,84.2,51,40,12.75
396,Gorontalo,ID,2020-01-02 19:34:12,0.54,123.06,73.56,95,100,6.02
397,Porto Novo,BR,2020-01-02 19:34:12,-23.68,-45.44,69.8,88,75,3.36
398,Moengo,SR,2020-01-02 19:34:13,5.62,-54.4,80.22,64,29,4.47
399,Mikhaylovka,RU,2020-01-02 19:34:13,52.96,103.29,15.58,78,100,2.86
400,Plettenberg Bay,ZA,2020-01-02 19:34:13,-34.05,23.37,67.59,90,49,4.18
401,Oranjestad,AW,2020-01-02 19:30:15,12.52,-70.03,84.2,66,40,13.87
402,San,ML,2020-01-02 19:30:02,13.3,-4.9,66.2,13,0,10.11
403,Santa Rosa,AR,2020-01-02 19:34:14,-36.62,-64.29,87.91,31,0,13.27
404,Rundu,NA,2020-01-02 19:34:14,-17.91,19.77,84.2,58,100,1.12
405,Katobu,ID,2020-01-02 19:34:15,-4.94,122.53,75.06,92,99,1.14
406,Sibu,MY,2020-01-02 19:34:15,2.29,111.83,77.0,100,75,0.38
407,Polyarnyy,RU,2020-01-02 19:34:15,69.2,33.45,23.0,92,75,2.24
408,Coihaique,CL,2020-01-02 19:34:15,-45.58,-72.07,73.4,49,40,11.41
409,La Ronge,CA,2020-01-02 19:32:39,55.1,-105.3,26.6,92,90,4.7
410,Tommot,RU,2020-01-02 19:34:16,58.97,126.27,-28.39,90,3,2.28
411,George,MW,2020-01-02 19:34:16,-15.35,34.83,72.34,92,100,3.27
412,New Plymouth,NZ,2020-01-02 19:34:17,-39.06,174.08,63.0,82,0,15.01
413,Aquiraz,BR,2020-01-02 19:34:17,-3.9,-38.39,86.0,78,75,9.17
414,Palu,ID,2020-01-02 19:34:17,-0.9,119.87,67.21,98,100,2.35
415,Comodoro Rivadavia,AR,2020-01-02 19:32:45,-45.87,-67.48,95.0,14,0,19.46
416,Anzio,IT,2020-01-02 19:34:18,41.45,12.63,48.99,81,12,5.82
417,Talcahuano,CL,2020-01-02 19:34:18,-36.72,-73.12,66.2,68,6,12.75
418,Tabuk,PH,2020-01-02 19:34:18,17.41,121.44,68.61,87,66,6.53
419,Gorno-Altaysk,RU,2020-01-02 19:34:19,51.96,85.96,18.05,80,26,6.02
420,Mehamn,NO,2020-01-02 19:34:19,71.03,27.85,28.4,86,75,17.22
421,Smoky Lake,CA,2020-01-02 19:34:19,54.11,-112.47,28.0,65,48,8.99
422,Quchan,IR,2020-01-02 19:34:20,37.11,58.51,29.52,82,0,1.43
423,Bowen,AU,2020-01-02 19:34:20,-20.01,148.25,75.0,94,40,4.7
424,Imbituba,BR,2020-01-02 19:34:20,-28.24,-48.67,78.8,74,40,12.75
425,Henderson,US,2020-01-02 19:33:00,36.04,-114.98,59.0,26,1,12.75
426,Nishihara,JP,2020-01-02 19:34:20,35.74,139.53,41.0,50,1,6.82
427,Kirchbichl,AT,2020-01-02 19:34:21,47.51,12.09,34.0,92,46,2.24
428,Bhikangaon,IN,2020-01-02 19:34:21,21.87,75.96,63.12,79,52,4.88
429,Flinders,AU,2020-01-02 19:34:21,-34.58,150.85,70.0,88,96,3.83
430,Tual,ID,2020-01-02 19:34:21,-5.67,132.75,82.9,70,96,1.01
431,Padang,ID,2020-01-02 19:32:33,-0.92,100.36,68.52,91,85,3.76
432,Tondano,ID,2020-01-02 19:34:22,1.3,124.91,73.4,94,20,2.24
433,Yaan,NG,2020-01-02 19:34:22,7.38,8.57,73.89,17,4,9.31
434,Alto Parana,BR,2020-01-02 19:34:22,-23.13,-52.32,80.6,74,40,11.41
435,Huambo,AO,2020-01-02 19:34:23,-12.78,15.73,63.61,94,100,2.59
436,Kalaikunda,IN,2020-01-02 19:34:23,22.35,87.25,64.54,58,0,5.7
437,Port Macquarie,AU,2020-01-02 19:33:36,-31.43,152.91,68.0,88,40,10.13
438,Mayya,RU,2020-01-02 19:34:24,61.74,130.28,-29.2,66,78,2.24
439,Rome,IT,2020-01-02 19:30:00,41.89,12.48,48.99,81,8,5.82
440,Sambava,MG,2020-01-02 19:34:24,-14.27,50.17,73.35,99,100,1.39
441,Barcelona,ES,2020-01-02 19:32:22,41.38,2.18,52.0,81,40,5.82
442,Imeni Babushkina,RU,2020-01-02 19:34:24,59.76,43.13,34.07,94,100,8.32
443,Kyabram,AU,2020-01-02 19:34:25,-36.31,145.05,60.01,64,0,9.06
444,Key West,US,2020-01-02 19:34:25,47.93,-96.78,32.0,100,90,9.17
445,Pittsburg,US,2020-01-02 19:34:25,38.02,-121.89,66.0,76,1,4.21
446,Port Keats,AU,2020-01-02 19:34:25,-14.25,129.55,83.84,77,100,3.69
447,Raymond Terrace,AU,2020-01-02 19:34:26,-32.76,151.75,71.01,94,90,5.82
448,Upata,VE,2020-01-02 19:34:26,8.02,-62.41,81.55,55,84,4.61
449,Nola,CF,2020-01-02 19:34:26,3.52,16.05,72.84,27,61,3.24
450,Marzuq,YE,2020-01-02 19:34:27,14.4,46.47,63.48,76,0,2.93
451,Altamira,BR,2020-01-02 19:34:27,-3.2,-52.21,80.6,88,75,2.73
452,Puerto Suarez,BO,2020-01-02 19:34:28,-18.96,-57.8,96.8,53,75,9.17
453,Abu Kamal,SY,2020-01-02 19:34:28,34.45,40.92,51.4,64,79,9.8
454,Tanout,NE,2020-01-02 19:34:29,14.97,8.88,50.23,28,0,14.67
455,Zabaykalsk,CN,2020-01-02 19:34:29,49.64,117.33,-2.49,92,0,7.31
456,Wagga Wagga,AU,2020-01-02 19:34:29,-35.12,147.37,68.0,60,90,12.75
457,Arenapolis,BR,2020-01-02 19:34:30,-14.45,-56.85,80.38,89,100,4.43
458,Soyo,AO,2020-01-02 19:34:30,-6.13,12.37,82.4,83,75,5.82
459,Shimanovsk,RU,2020-01-02 19:34:30,52.0,127.67,-11.54,86,0,6.91
460,Dongsheng,CN,2020-01-02 19:34:30,29.72,112.52,43.07,87,100,5.99
461,Ibatiba,BR,2020-01-02 19:34:31,-20.23,-41.51,72.86,92,100,3.36
462,Savinskiy,RU,2020-01-02 19:34:31,62.93,40.14,34.68,93,100,11.18
463,Shibukawa,JP,2020-01-02 19:34:31,36.5,139.0,32.0,75,0,4.0
464,La Tuque,CA,2020-01-02 19:34:31,47.44,-72.79,25.43,95,100,5.93
465,Prince Rupert,CA,2020-01-02 19:30:05,54.32,-130.32,32.0,64,1,4.7
466,Saint Simons,US,2020-01-02 19:34:33,31.14,-81.39,71.6,37,1,9.17
467,Westport,US,2020-01-02 19:31:32,41.14,-73.36,48.2,52,1,14.99
468,Port Hardy,CA,2020-01-02 19:34:33,50.7,-127.42,37.4,93,90,14.99
469,Arlit,NE,2020-01-02 19:34:33,18.74,7.39,52.3,27,1,11.23
470,Bela Vista,BR,2020-01-02 19:34:33,-22.11,-56.53,90.1,40,0,5.14
471,Funtua,NG,2020-01-02 19:34:34,11.52,7.31,56.66,20,0,13.06
472,Dabhol,IN,2020-01-02 19:34:34,17.6,73.17,75.67,78,21,14.34
473,Dunedin,NZ,2020-01-02 19:32:29,-45.87,170.5,55.0,60,45,24.0
474,Wagar,US,2020-01-02 19:34:35,31.44,-87.99,71.01,43,100,1.01
475,Tubmanburg,LR,2020-01-02 19:34:35,6.87,-10.82,71.94,81,37,1.81
476,San Policarpo,PH,2020-01-02 19:34:35,12.18,125.51,79.18,84,100,18.63
477,Avera,US,2020-01-02 19:34:18,33.19,-82.53,53.6,93,90,3.36
478,Aykhal,RU,2020-01-02 19:32:31,65.95,111.51,-11.2,83,50,4.47
479,Los Llanos De Aridane,ES,2020-01-02 19:32:25,28.66,-17.92,64.4,55,100,9.17
480,Coxim,BR,2020-01-02 19:34:36,-18.5,-54.75,84.13,75,100,2.82
481,Pasinler,TR,2020-01-02 19:34:37,39.98,41.67,23.0,79,75,2.24
482,Homer,US,2020-01-02 19:34:37,59.64,-151.54,10.99,77,1,4.7
483,Udimskiy,RU,2020-01-02 19:34:37,61.14,45.92,28.35,95,99,9.57
484,Narrabri,AU,2020-01-02 19:34:37,-30.33,149.78,79.0,69,0,6.93
485,Kirtipur,NP,2020-01-02 19:34:38,27.68,85.28,42.8,100,75,3.36
486,Bilibino,RU,2020-01-02 19:34:38,68.06,166.44,-12.96,74,49,3.13
487,Usinsk,RU,2020-01-02 19:34:38,66.0,57.56,2.46,93,100,21.07
488,Boke,GN,2020-01-02 19:34:38,10.95,-14.28,72.63,74,100,3.78
489,Xichang,CN,2020-01-02 19:34:39,27.88,102.25,33.51,95,72,3.89
490,Nassau,AT,2020-01-02 19:32:25,46.81,15.34,36.0,86,0,1.12
491,Coracao De Jesus,BR,2020-01-02 19:34:39,-16.69,-44.37,80.6,57,20,4.7
492,Farmington,US,2020-01-02 19:34:40,36.73,-108.21,34.0,68,20,5.82
493,Jhargram,IN,2020-01-02 19:34:40,22.45,86.99,65.26,54,27,5.21
494,Alta Floresta,BR,2020-01-02 19:34:40,-9.87,-56.08,86.0,66,40,10.29
495,Inta,RU,2020-01-02 19:34:41,66.04,60.13,4.15,89,71,12.33
496,Port Lincoln,AU,2020-01-02 19:34:41,-34.72,135.86,77.32,25,72,15.55
497,Chuzhou,CN,2020-01-02 19:34:41,32.25,118.33,45.0,98,100,1.01
498,Emba,CY,2020-01-02 19:34:41,34.81,32.42,53.6,81,75,12.75
499,Zabol,IR,2020-01-02 19:34:42,31.03,61.49,50.0,61,97,13.87
500,Skjervoy,NO,2020-01-02 19:34:42,70.03,20.97,42.8,70,75,24.16
501,Bafoulabe,ML,2020-01-02 19:34:42,13.81,-10.83,74.53,9,88,10.0
502,Saryagash,KZ,2020-01-02 19:34:42,41.45,69.17,41.0,86,20,4.7
503,San Vicente,EC,2020-01-02 19:34:43,-0.59,-80.41,87.8,58,40,12.75
504,Buraydah,SA,2020-01-02 19:34:43,26.33,43.97,60.8,59,26,3.31
505,Namibe,AO,2020-01-02 19:34:43,-15.19,12.15,73.11,82,100,9.35
506,Mpika,ZM,2020-01-02 19:34:43,-11.84,31.4,64.6,98,98,1.52
507,Ocos,GT,2020-01-02 19:34:43,14.51,-92.19,91.4,55,40,6.93
508,Fukue,JP,2020-01-02 19:34:44,35.03,136.69,48.2,61,40,16.11
509,Zhuhai,CN,2020-01-02 19:32:38,40.71,112.04,1.4,84,0,4.47
510,Egvekinot,RU,2020-01-02 19:34:45,66.32,-179.17,-13.83,78,0,11.43
511,Tuburan,PH,2020-01-02 19:34:45,10.73,123.82,77.0,88,40,9.17
512,Bom Jesus,BR,2020-01-02 19:34:45,-9.08,-44.36,73.96,91,100,3.49
513,Uyovu,TZ,2020-01-02 19:34:45,-3.28,31.53,65.05,91,68,3.27
514,Necochea,AR,2020-01-02 19:34:46,-38.55,-58.74,82.0,1,0,11.01
515,Beira,ES,2020-01-02 19:34:46,43.2,-8.36,53.01,81,40,9.17
516,Maxixe,MZ,2020-01-02 19:34:46,-23.86,35.35,80.6,78,11,3.36
517,Tecoanapa,MX,2020-01-02 19:34:46,16.99,-99.26,87.8,58,40,4.7
518,Yarada,IN,2020-01-02 19:34:46,17.65,83.27,73.4,78,75,2.24
519,Lamar,US,2020-01-02 19:34:47,38.09,-102.62,48.2,39,1,11.41
